AREACD,AREANM,Male 0-4,Male 5-9,Male 10-14,Male 15,Male 16,Male 17,Male 18,Male 19,Male 20,Male 21,Male 22,Male 23,Male 24,Male 25-29,Male 30-34,Male 35-39,Male 40-44,Male 45-49,Male 50-54,Male 55-59,Male 60-64,Male 65-69,Male 70-74,Male 75-79,Male 80-84,Male 85-89,Male 90+,Female 0-4,Female 5-9,Female 10-14,Female 15,Female 16,Female 17,Female 18,Female 19,Female 20,Female 21,Female 22,Female 23,Female 24,Female 25-29,Female 30-34,Female 35-39,Female 40-44,Female 45-49,Female 50-54,Female 55-59,Female 60-64,Female 65-69,Female 70-74,Female 75-79,Female 80-84,Female 85-89,Female 90+
E06000047,County Durham,5.2,6,5.7,1,1,1,1.1,1.5,1.7,1.6,1.4,1.3,1.3,6.6,5.6,5.9,5.2,6.4,7.4,7.2,6.4,5.8,5.7,3.8,2.5,1.3,0.5,4.8,5.5,5.3,1,1,0.9,1,1.4,1.5,1.5,1.3,1.1,1.1,6.2,5.9,5.8,5.3,6.4,7.4,7.2,6.6,5.9,5.9,4.1,3.1,1.9,1.1
E06000005,Darlington,5.7,6.5,6.3,1.3,1.2,1.2,1,0.9,0.9,0.9,1.1,1,1.2,5.7,6.1,6.2,5.9,6.7,7.5,7.1,6.1,5.4,5.6,3.7,2.7,1.4,0.7,5.2,5.9,5.9,1.1,1,1,1,0.8,0.9,1,0.9,1.1,1.1,6,6.2,6.2,5.9,6.9,7.2,7,6.2,5.5,5.5,3.8,3.4,2,1.3
E06000001,Hartlepool,5.8,6.6,6.4,1.2,1.2,1.1,1.3,1.1,1,1,1.2,1.3,1.3,6.7,6.5,5.9,5.1,6.3,7.1,7.2,6.4,5.6,5.3,3.1,2.4,1.3,0.6,5.3,6.1,6,1,1.1,1,1,1,0.9,1,1.1,1.1,1.1,6.4,6.6,6,5.4,6.3,7.4,7.3,6.3,5.5,5.2,3.5,3.2,2,1.2
E06000002,Middlesbrough,7.1,7.2,6.3,1.2,1.2,1.2,1.3,1.4,1.5,1.7,1.8,1.8,1.6,8.4,7,5.6,5.2,5.6,6,6.2,5.5,4.5,4.2,2.7,2.1,1.1,0.4,6.5,6.7,6.1,1.1,1,1,1.1,1.3,1.4,1.5,1.5,1.4,1.4,7.3,6.7,6.2,5.1,5.9,6.3,6.6,6,4.9,4.3,3.2,2.7,1.7,0.9
E06000057,Northumberland,4.8,5.5,5.8,1.1,1.1,1.1,1.1,0.9,0.9,0.9,1,1.1,1,5.2,5.3,5.3,5.4,6.3,7.4,7.9,7.4,6.9,6.9,4.5,3,1.6,0.8,4.3,5,5,1,1,1,0.9,0.7,0.7,0.7,0.8,0.9,0.9,4.9,5.3,5.6,5.3,6.5,7.6,8.2,7.6,7.1,7,4.7,3.5,2.2,1.4
E06000003,Redcar and Cleveland,5.4,6.4,6.2,1.2,1.1,1.1,1.1,1,1,1,1.1,1.2,1.2,6.2,5.8,5.5,4.9,6,7.2,7.5,6.6,5.9,6.1,4.3,2.9,1.5,0.6,5,5.7,5.4,1,1,1,1,0.8,0.8,0.9,1.1,1,1,5.8,6.1,5.6,5,6.4,7.5,7.4,6.6,6.2,6.4,4.5,3.5,2.1,1.3
E06000004,Stockton-on-Tees,6,6.9,6.5,1.3,1.2,1.2,1.1,1,1,1,1.1,1.2,1.3,6.9,6.8,6.4,5.6,6.4,7.1,6.8,6,5.3,4.8,3.2,2.3,1.2,0.5,5.6,6.3,6.3,1.1,1.1,1,1,0.8,0.7,0.7,0.9,1,1.1,6.4,6.7,6.7,5.9,6.6,7.1,7.3,6.1,5.4,5.1,3.5,2.8,1.9,1
E08000037,Gateshead,5.4,5.9,5.6,1,1.1,1.2,1.2,1.3,1.2,1.2,1.2,1.4,1.4,6.7,7,6.8,6.1,6.4,6.9,6.9,6.1,5.1,5,3.4,2.6,1.4,0.6,5.1,5.5,5.4,1,1,1.1,1.1,0.9,0.9,1,1.1,1.3,1.3,6.5,7,6.7,5.7,6.4,7.1,7,6,5.2,5.4,3.9,3.3,2.1,1.2
E08000021,Newcastle upon Tyne,5.6,5.8,5.3,0.9,1,1,1.3,2.6,3.2,3.2,2.6,2.1,2.1,10.7,7.6,6,4.9,5.3,5.5,5.3,4.8,4,3.7,2.2,1.8,1,0.5,5.3,5.8,5.1,0.9,0.9,0.9,1.3,2.8,3.4,3.2,2.6,2.2,1.9,9.3,6.7,5.9,5,5.2,5.5,5.6,5,4.1,3.9,2.8,2.4,1.6,1.1
E08000022,North Tyneside,5.8,6.2,6.2,1.1,1.1,1.1,1.1,0.9,0.9,1,1.1,1.1,1,5.8,6.3,6.8,6.4,6.9,7.2,7.2,6.3,5.7,5.4,3.3,2.4,1.3,0.5,5.2,5.5,5.3,1,1,1,0.9,0.8,0.7,0.8,0.9,1,1,5.6,6.7,6.9,6.1,6.9,7.2,7.2,6.4,5.8,5.6,3.8,3.1,2.1,1.3
E08000023,South Tyneside,5.8,6.2,5.9,1.1,1.1,1.1,1,1.1,1,1,1.2,1.3,1.2,6.6,6.7,5.8,5.2,6.2,7.3,7.6,6.9,5.7,5.4,3.3,2.5,1.3,0.5,5.2,5.5,5.3,1,0.9,1,1,0.9,0.9,0.9,1,1,1.2,6.2,6.6,6.2,5.4,6.4,7.5,7.5,6.6,5.9,5.5,3.8,3.2,2.1,1.3
E08000024,Sunderland,5.7,6.2,5.8,1.1,1.1,1,1.1,1.1,1.1,1.2,1.2,1.4,1.3,7.4,6.8,5.8,5.3,6.3,7,7.2,6.6,5.6,5.1,3.3,2.4,1.3,0.4,5,5.4,5.3,1,1,0.9,1,1,1,1.1,1.2,1.2,1.2,7,6.5,5.9,5.5,6.6,7.1,7.2,6.5,5.8,5.6,3.8,3.1,2,0.9
E06000008,Blackburn with Darwen,7.1,7.6,7.3,1.4,1.4,1.4,1.3,1.3,1.2,1.2,1.3,1.4,1.5,6.8,6.6,7,6.2,6.6,6.7,6.1,5.1,4.3,4,2.4,1.7,0.8,0.3,7,7.1,7.3,1.3,1.4,1.4,1.3,1.1,1,1.1,1.2,1.3,1.2,6.2,7.1,7.1,5.9,6.6,6.6,6.1,5.1,4.4,4.1,2.8,2.2,1.4,0.7
E06000009,Blackpool,6.1,6.2,5.9,1.1,1.1,1.1,1.1,1,1,1.1,1.2,1.3,1.2,6.3,6.2,5.5,5.1,6.7,7.7,7.5,6.4,5.4,5.5,3.7,2.5,1.3,0.6,5.8,5.9,5.5,1.1,1,1.1,1,1,1,1.1,1.1,1.2,1.1,6.3,5.8,5.5,5.2,6.6,7.6,7.2,6.2,5.3,5.7,4.2,3.3,2,1.3
E06000049,Cheshire East,5.6,6.1,6.1,1.2,1.1,1.1,1,0.8,0.8,0.9,0.9,1,1.1,5.3,5.1,5.6,5.8,7.1,7.8,7.6,6.3,5.9,6.2,4.2,3,1.6,0.8,5,5.4,5.6,1.1,1,1,1,0.7,0.7,0.7,0.9,1,0.9,4.9,5.4,5.8,5.8,7.2,7.9,7.5,6.3,6,6.3,4.6,3.5,2.3,1.6
E06000050,Cheshire West and Chester,5.7,6.2,6,1.1,1.1,1,1.1,0.9,1.1,1.1,1.2,1.1,1.2,6,5.6,5.7,5.6,6.8,7.4,7.3,6.1,5.8,5.9,4,2.8,1.4,0.7,5,5.6,5.4,1,1,0.9,1,1,1.2,1.2,1.1,1.1,1,5.5,5.8,6,5.7,6.8,7.5,7.3,6.2,5.8,6,4.2,3.2,2,1.4
E06000006,Halton,6.2,6.9,6.8,1.2,1.1,1.1,1.1,1.1,1.1,1,1.1,1.2,1.2,6.2,6.3,6.3,5.8,6.7,7,6.8,6.1,5.8,5.3,3.1,2,1,0.4,5.6,6.2,6.2,1.1,1.1,1.1,1.1,0.9,0.9,0.9,1.1,1.1,1.1,6.3,6.6,6.5,5.9,6.9,6.8,7,6.5,5.8,5.1,3.4,2.5,1.6,0.8
E06000007,Warrington,5.7,6.4,6.2,1.2,1.2,1.2,1.2,1,0.9,1,1.1,1.2,1.2,6.3,6.4,6.5,6.1,7.3,7.7,7.3,5.7,5,4.9,3.4,2.4,1.1,0.5,5.3,6,5.8,1.1,1,1.1,1,0.8,0.8,0.8,1,1.1,1,5.8,6.4,6.6,6.1,7.2,7.6,7.1,5.8,5.2,5.4,4.1,3,1.7,1.1
E07000026,Allerdale,4.9,5.3,5.8,1.1,1.1,1.1,1,1,1,0.9,1,1,1.2,5.6,5.2,5.2,5,6.5,8.1,7.7,6.9,6.5,6.8,4.7,3.1,1.6,0.7,4.4,5.3,5.1,0.9,1,1,1,0.8,0.8,0.7,1,0.9,1,5,5,5.5,5.1,7,8,7.6,7,6.8,6.6,4.7,3.7,2.4,1.7
E07000027,Barrow-in-Furness,5.6,5.5,5.9,1.2,1,1.2,1.2,1,1.1,1.1,1.1,1.3,1.2,6.3,6.1,5.6,5.1,6.5,7.8,7.6,6.2,5.8,6.1,4.3,2.6,1.4,0.5,5.3,5.3,5.4,1,1,1,1.1,0.9,0.9,0.9,1,1.1,1.1,6.1,6.1,5.4,5.2,7.1,7.7,7.3,6.3,5.9,6.1,4.6,3.4,1.8,1.2
E07000028,Carlisle,5.6,6.1,5.8,1.2,1.1,0.9,1,0.9,0.9,1.1,1.1,1,1,5.9,5.7,6,5.6,6.8,7.3,7.6,6.8,6.1,5.7,4,2.7,1.5,0.6,5.1,5.6,5.2,1,0.9,1,1.1,0.9,1,1,1.1,1.1,0.9,6,5.5,6.1,5.3,6.6,7.3,7.4,6.6,6,5.8,4.3,3.3,2.2,1.5
E07000029,Copeland,5,5.8,5.6,1.1,1.1,0.9,1.1,0.9,0.8,1,1,1.2,1.1,6,5.6,5.4,4.9,6.4,7.9,8.1,7.4,6.4,6.4,4.3,2.9,1.4,0.5,4.8,5.3,5.1,1,1,1,0.9,0.7,0.8,0.9,1,0.9,1,5.5,5.7,5.7,5.4,6.9,7.9,8,7.1,6.4,6,4.4,3.4,2.1,1.3
E07000030,Eden,4.1,5.1,5.5,1.1,0.9,1,0.9,0.9,0.9,0.7,1,1,0.9,5.2,4.8,4.8,4.7,6.4,8.2,8.4,7.5,7.8,7.4,5,3.2,1.8,0.8,3.9,4.6,4.8,1,1,0.9,0.9,0.7,0.7,0.6,0.8,0.8,0.6,4.5,4.5,4.9,5.1,7,8.4,8.5,7.9,7.2,7.2,5,4,2.5,2
E07000031,South Lakeland,4.1,4.9,5.5,1.2,1.1,1.2,1.1,0.9,1,1,0.9,1.1,1,4.7,4.2,4.7,4.7,6.4,7.6,8,7.5,7.1,8,5.3,3.8,2,1,3.8,4.3,4.9,1,1,1,0.9,0.7,0.6,0.7,0.8,0.8,0.8,4,4.2,5,5.2,6.8,7.9,8.3,7.6,7.3,7.6,5.5,4.2,3,2.1
E08000001,Bolton,6.8,7.2,6.8,1.3,1.2,1.2,1.2,1.2,1.2,1.2,1.2,1.3,1.2,6.7,6.7,6.4,5.9,6.7,7,6.3,5.2,4.8,4.6,3.1,2.1,1,0.5,6.5,6.9,6.2,1.1,1.1,1.1,1.1,0.9,1,1,1.1,1.1,1.2,6.3,6.9,6.5,5.9,6.8,7,6.4,5.4,4.9,5,3.5,2.6,1.6,0.9
E08000002,Bury,6.5,7,6.7,1.3,1.3,1.2,1.1,1,1,1.1,1.1,1.3,1.3,6.5,6.5,6.6,5.9,6.6,7.2,6.7,5.4,4.9,4.9,3.3,2.2,1.1,0.6,5.8,6.4,6.1,1.1,1.1,1.1,1,0.8,0.9,0.9,1.1,1,1.1,6.3,7,6.6,6,6.8,7.2,6.7,5.4,5,5.3,3.7,2.8,1.7,1.1
E08000003,Manchester,6.8,6.7,5.9,1,1,1,1.2,2,2.4,2.4,2.5,2.4,2.3,12.2,10,7.9,5.8,5.3,5.1,4.2,3.5,2.8,2.3,1.4,1,0.5,0.3,6.7,6.6,5.8,1,1,1,1.2,2.2,2.7,2.6,2.6,2.4,2.3,11.7,8.7,7.2,5.5,5.2,5.3,4.6,3.6,2.9,2.5,1.9,1.5,0.9,0.6
E08000004,Oldham,7.2,7.3,7.2,1.4,1.4,1.4,1.3,1.2,1.2,1.2,1.3,1.3,1.3,6.9,6.8,6.4,5.8,6.5,6.8,5.9,5.1,4.4,4.2,2.9,1.9,0.9,0.5,6.7,7.1,6.8,1.2,1.2,1.3,1.2,1,1,1,1.2,1.2,1.3,6.5,7,6.7,5.7,6.4,6.6,6.3,5.1,4.6,4.6,3.4,2.4,1.5,0.9
E08000005,Rochdale,7.1,7.3,6.9,1.3,1.2,1.2,1.3,1.1,1.2,1.2,1.2,1.3,1.4,7.1,6.9,6.5,5.7,6.5,6.8,6.2,5.4,4.9,4.4,2.8,1.9,1,0.5,6.5,6.8,6.3,1.2,1.1,1.1,1.1,0.9,1,1,1.2,1.2,1.2,6.6,7.1,6.8,6.1,6.5,6.9,6.4,5.6,4.8,4.6,3.2,2.4,1.6,1
E08000006,Salford,6.9,6.7,6,1,1,1,1.1,1.3,1.5,1.5,1.4,1.6,1.6,9.3,9.2,7.8,5.8,5.7,6.2,5.7,4.7,3.9,3.7,2.4,1.8,0.9,0.4,6.7,6.5,5.7,1,1,1,1.1,1.4,1.5,1.5,1.4,1.7,1.7,8.9,8.4,7.4,5.6,5.8,6.2,5.6,4.6,4,3.9,3,2.2,1.4,0.9
E08000007,Stockport,6.2,6.6,6.5,1.2,1.1,1.2,1.1,0.9,0.8,0.9,1.1,1.1,1.1,5.9,6.1,6.4,6.4,6.8,7.2,6.8,6,5.2,5.1,3.6,2.6,1.5,0.7,5.6,6.1,5.7,1.1,1,1,1,0.8,0.7,0.7,1,1,1,5.8,6.6,6.8,6.2,6.8,7.3,6.9,5.7,5.2,5.4,4,3.2,2.1,1.3
E08000008,Tameside,6.7,6.8,6.2,1.2,1.1,1.2,1.1,1,1.1,1,1.2,1.3,1.2,6.6,6.6,6.4,5.9,6.7,7.4,7,5.8,4.9,5,3.2,2.1,1,0.4,6,6.5,5.9,1.1,1,1.1,1,0.9,0.9,0.9,1.1,1.1,1.2,6.8,7.1,6.6,5.7,6.7,7.4,6.8,5.4,5,5,3.6,2.7,1.6,0.8
E08000009,Trafford,6.2,7.4,7.3,1.3,1.3,1.2,1.1,0.9,0.8,0.9,1,1,1.1,5.5,6.2,7.1,7,7.3,7.1,6.7,5.5,4.6,4.3,2.9,2.2,1.3,0.7,5.8,6.7,6.7,1.2,1.2,1.2,1.1,0.7,0.7,0.7,0.9,1,1,5,6.3,7.4,7.3,7.3,7.3,6.7,5.3,4.6,4.5,3.5,2.9,1.9,1.3
E08000010,Wigan,5.8,6.3,6.3,1.2,1.2,1.1,1.1,1,1,1,1.1,1.1,1.1,6.3,6.5,6.4,5.8,7.2,7.8,6.9,5.6,5.3,5.4,3.7,2.2,1,0.4,5.4,5.8,5.8,1.1,1,1,1,0.8,0.9,0.9,1,1.1,1.1,6.2,6.7,6.5,5.8,7.2,7.6,7,5.7,5.4,5.7,4,2.7,1.5,0.9
E07000117,Burnley,6.9,7.1,6.7,1.2,1.2,1.1,1.2,1.1,1,1.2,1.1,1.1,1.2,6.5,6.5,6,5.8,6.2,6.9,6.6,6,5.2,5.2,3.4,2.1,1.1,0.5,6.3,6.5,6.3,1.1,1,1,1,0.8,0.9,1,0.9,1.1,1.2,6.6,6.8,6.4,5.7,6.1,6.8,6.8,5.7,5.2,5.5,3.6,2.6,1.7,1.3
E07000118,Chorley,5.4,6.2,6.1,1.2,1.1,1,1.1,0.8,0.9,0.9,1,1.1,1.1,5.8,6.3,6.5,6.4,7.5,7.6,7.3,5.8,5.6,5.8,3.7,2.3,1.1,0.5,5.2,6,5.7,1.1,1,1,0.9,0.7,0.8,0.8,0.9,1,1.1,5.4,6.8,6.3,6.2,7.3,7.7,6.9,6,5.7,5.9,4.1,2.7,1.7,1
E07000119,Fylde,4.3,5.2,5.5,1,1,1.1,1.1,0.8,0.8,0.8,1,0.8,0.8,4.8,5.1,5.4,5,6.5,7.8,8.2,7.2,6.8,7.5,5.1,3.6,2,0.9,3.9,5,5.3,1,1,0.9,0.9,0.6,0.6,0.6,0.8,0.8,0.7,4.3,4.8,5.1,5,6.5,7.9,8.1,7.1,6.8,7.6,5.5,4.4,3,1.9
E07000120,Hyndburn,6.6,7.1,6.7,1.2,1.3,1.2,1.2,1.2,1,1,1.3,1.3,1.2,6.4,6.3,6,5.7,6.6,7.3,6.5,5.5,4.9,5.2,3.5,2.2,1.1,0.5,6.4,6.4,6.2,1.1,1.1,1.1,1.1,0.9,1,1.2,1.1,1.2,1.2,6.3,6.8,6.4,5.5,6.7,6.8,6.6,5.5,5,5.5,3.7,2.7,1.7,1
E07000121,Lancaster,5.1,5.9,5.6,1,1,1,1.4,2.5,2.8,2.4,2.1,1.6,1.7,8.2,5,5.1,4.8,5.7,6.4,6.3,5.6,5.1,5.3,3.7,2.5,1.3,0.6,4.9,5.4,4.9,1,0.9,0.9,1.3,2.3,2.6,2.3,1.8,1.4,1.4,6.9,5.3,5.4,5.1,5.7,6.8,6.7,5.9,5.4,5.5,3.9,3.1,2,1.4
E07000122,Pendle,6.9,7.1,6.6,1.2,1.1,1.2,1.1,0.9,1,1,1.1,1.1,1,6.4,6.7,6.9,5.9,6.3,6.5,6.2,5.7,5.5,5.2,3.4,2.1,1.2,0.5,6.5,6.7,6.3,1.1,1,1.1,1.2,0.9,0.8,0.8,1,1,1,6.2,6.9,6.8,5.8,6.3,6.6,6.6,6,5.3,5.3,3.5,2.6,1.8,1
E07000123,Preston,6.6,6.6,6.4,1.2,1.1,1.1,1.1,1.5,1.9,1.8,2,2,1.8,8.6,7,6.4,5.7,6.3,6.4,6.1,4.9,4.2,3.6,2.5,1.8,1,0.4,6.5,6.5,6,1.1,1.1,1.1,1.1,1.6,1.9,2,2.1,1.8,1.5,7.9,6.5,6.3,5.5,6.1,6.3,6.2,5,4.3,3.9,2.9,2.4,1.5,0.8
E07000124,Ribble Valley,4.5,5.4,6.5,1.4,1.3,1.2,1.3,1,0.9,0.9,1.1,1.1,1.1,5.1,4.8,4.6,5,7.2,8.3,8.2,6.9,6.2,6.6,4.3,2.8,1.7,0.7,3.9,5.2,5.9,1.1,1.2,1.1,1.2,0.8,0.7,0.7,0.8,0.9,0.8,4.5,4.8,5.1,5.6,7.4,8.2,7.9,7.1,6,6.7,4.7,3.6,2.4,1.6
E07000125,Rossendale,5.9,6.7,6.6,1.1,1.3,1.2,1.1,0.9,0.9,0.9,1,1.1,1.3,5.8,6.1,6.2,5.9,7.1,8,7.1,6.1,5.6,5.5,3.2,2,1.1,0.5,5.3,6.3,6.2,1,1.1,1.1,1,0.9,0.8,0.9,0.9,1,1,5.8,6.6,6.3,6.3,7.2,7.6,7,5.9,5.7,5.4,3.4,2.4,1.6,1.1
E07000126,South Ribble,5.4,6.3,6.1,1.1,1.1,1.1,1.1,1,0.9,1,1.1,1.1,1,5.9,5.9,5.8,5.7,7.1,7.5,7.3,6.2,5.8,5.8,4,2.7,1.3,0.6,5,5.5,5.7,1.2,1,1,1,0.8,0.7,0.9,0.9,1,1,5.6,6.2,5.9,5.7,7,7.6,7.2,6,5.9,6.1,4.3,3.3,2,1.2
E07000127,West Lancashire,5.2,5.9,6.2,1.1,1.2,1.1,1.3,1.6,1.7,1.6,1.5,1.2,1.2,6.4,5.2,4.5,4.7,6.5,7.5,7.3,6.3,5.7,5.8,4.2,2.9,1.4,0.6,4.5,5.4,5.3,1.1,0.9,1,1.1,2.1,2.2,1.9,1.3,1.1,1,5.6,4.7,4.9,4.9,6.7,7.2,7.2,6.3,5.8,6.3,4.5,3.5,2.1,1.4
E07000128,Wyre,4.6,5.3,5.7,1.1,1.2,1,1.1,0.9,0.9,0.9,1,1,1,5.4,4.9,4.9,4.7,5.9,7.5,7.6,6.9,7,7.3,5.4,3.7,2,0.8,4.1,4.7,5.1,1,0.9,1,0.9,0.7,0.6,0.7,0.8,0.9,0.9,5,5,5.1,4.7,6.5,7.4,7.8,7,7,7.6,5.8,4.3,2.8,1.8
E08000011,Knowsley,7.4,7.1,6.4,1.1,1.2,1.1,1.2,1.1,1.1,1.3,1.2,1.3,1.3,7.1,6.7,5.8,4.9,5.9,6.6,7.5,6.5,5.2,4.4,2.8,2.2,1.1,0.5,6.3,5.9,5.6,1,1.1,1,1,0.9,1,1,1.3,1.3,1.2,7.1,7.2,6.2,5.3,6.3,7.2,7.5,6.5,5.3,4.3,3.1,2.8,1.8,1
E08000012,Liverpool,6.1,5.8,5.1,0.9,0.9,0.9,1.1,1.9,2.3,2.3,2.2,1.9,1.8,9.6,8.5,7.3,5.7,5.6,5.7,5.7,5,4.3,3.7,2.4,1.8,1,0.4,5.7,5.5,4.8,0.9,0.9,0.9,1.1,2.3,2.8,2.4,2.1,1.7,1.7,9.1,7.3,6.4,5.2,5.5,6.1,6.2,5.3,4.5,3.9,2.8,2.4,1.5,0.9
E08000014,Sefton,5.5,6.2,5.9,1.1,1.1,1.1,1.1,1,1,1,1.1,1.1,1.1,5.9,5.8,5.5,5,6.3,7.2,7.7,6.8,6.1,5.8,4.1,3.1,1.7,0.7,4.8,5.4,5.2,1,1,1,1,0.8,0.8,0.8,0.9,1,1,5.4,5.5,5.5,5.2,6.5,7.2,7.7,7,6.1,6,4.8,4,2.8,1.7
E08000013,St. Helens,5.9,6.2,5.9,1.1,1.1,1.1,1.1,1,1.1,1.1,1.1,1.1,1.2,6.5,6.5,6.1,5.7,6.8,7.3,7.1,6.1,5.6,5.5,3.8,2.6,1.3,0.4,5.3,5.8,5.6,1,1,1,1,0.8,0.9,0.8,1.1,1.1,1.2,6.3,6.7,6.1,5.5,6.9,7.2,6.9,5.9,5.7,5.9,4.2,3.3,1.8,1
E08000015,Wirral,5.8,6.5,6.3,1.2,1.2,1.2,1.1,1,1,1,1.1,1.1,1.1,5.8,5.9,5.8,5.5,6.5,7.1,7.3,6.3,6,5.7,3.9,2.6,1.5,0.7,5,5.8,5.7,1.1,1,1.1,1,0.8,0.8,0.8,0.9,0.9,1.1,5.5,5.9,5.9,5.7,6.6,7.3,7.4,6.4,6,5.9,4.4,3.4,2.3,1.5
E06000011,East Riding of Yorkshire,4.8,5.6,5.7,1.1,1.1,1.1,1.1,0.9,0.9,0.8,0.9,1,1,4.8,4.6,5.1,5.3,6.8,7.7,8,7.1,6.9,7.3,4.6,3.4,1.8,0.7,4.2,5.1,5.3,1.1,1,1,1,0.7,0.7,0.7,0.7,0.8,0.8,4.3,4.9,5.2,5.5,6.8,7.8,7.7,7.1,7.1,7.5,5.2,4,2.5,1.5
E06000010,"Kingston upon Hull, City of",6.7,6.7,6.1,1.1,1,1.1,1.1,1.4,1.7,1.9,1.8,1.6,1.4,8.8,7.9,6.5,5.7,6.1,6.3,6.2,5.1,4.4,4,2.4,1.8,0.9,0.4,6.3,6.6,5.7,1.1,0.9,1,1,1.2,1.5,1.6,1.7,1.6,1.4,8.4,7.7,6.6,5.3,6,6.4,6.4,5.3,4.6,4.2,2.9,2.4,1.5,0.8
E06000012,North East Lincolnshire,6,6.5,6.5,1.1,1.1,1.1,1.1,1,1,1,1.1,1.2,1.1,6.5,6.7,5.7,5.4,6.5,7,7.3,6.1,5.5,5.4,3.6,2.6,1.4,0.6,5.5,6.3,5.9,1,1.1,1.1,1,0.8,0.8,0.8,1,1,1,6.1,6.6,6,5.1,6.4,7.3,7,6.1,5.6,5.6,4,3.4,2.1,1.4
E06000013,North Lincolnshire,5.2,6.2,6.4,1.2,1.1,1.2,1.1,0.9,0.9,0.9,1,1.1,1.1,5.9,6.1,6,5.5,6.5,7.5,7.6,6.6,6,5.8,3.7,2.6,1.3,0.5,5.2,5.9,5.9,1.1,1,1,1.1,0.8,0.7,0.9,0.8,0.9,1,5.6,6.2,6.1,5.4,6.5,7.5,7.3,6.5,6.1,5.8,4.2,3.1,2,1.4
E06000014,York,4.8,5.4,5.2,1,0.9,1,1.2,2.5,2.8,2.5,2,1.7,1.7,8.9,6.7,6.1,5.5,6.1,6.3,6,5.2,4.6,4.7,3.1,2.4,1.3,0.6,4.3,4.9,4.8,0.9,0.9,0.9,1.2,3,3.2,3,2,1.6,1.4,7.4,6,5.7,5.4,6,6.2,6.1,5.1,4.8,5.2,3.7,3.1,2,1.4
E07000163,Craven,4.5,5.2,5.7,1.2,1.1,1.2,1.2,0.8,0.8,0.8,0.9,0.9,1,4.7,4.5,4.8,5,6.6,7.8,8,7.6,7.3,7.2,5.1,3.4,1.8,0.9,4.1,4.8,4.8,0.9,1,1,1,0.6,0.7,0.7,0.7,0.8,0.9,4.1,4.5,4.9,4.9,7.1,7.9,8.2,7.5,7.2,7.3,5.4,4.1,2.9,2.1
E07000164,Hambleton,4.5,5.6,5.6,1,1.1,1,1.1,0.9,0.7,0.7,1,1,1,5.1,5.3,5,5,6.2,8,8.1,7,7,7.2,4.8,3.4,1.9,0.8,4.2,5,5.1,1.1,1,1,0.9,0.7,0.7,0.7,0.8,0.8,0.8,4.5,4.8,4.8,5.2,6.7,8.3,8.3,7.2,6.9,7.4,5.3,4.2,2.5,1.5
E07000165,Harrogate,4.9,5.9,6.4,1.2,1.4,1.8,1.2,0.8,0.7,0.7,0.9,0.8,0.8,4.6,5,5.7,5.6,7.3,8,7.9,6.7,5.7,6.2,4.1,3.1,1.7,0.9,4.5,5.5,5.9,1.1,1.1,1.2,1,0.6,0.4,0.5,0.7,0.8,0.8,4.3,4.8,5.5,6,7.2,8.3,7.7,6.6,6.1,6.4,4.7,3.8,2.6,2
E07000166,Richmondshire,4.8,5.3,5.1,1,0.9,1,1.9,1.8,1.7,1.2,1.1,0.9,0.9,8.3,8.4,6,4.8,6.3,6.7,6.9,6.2,5.3,5.5,3.7,2.5,1.3,0.6,5,5.6,5.1,1,1.1,1,1.1,0.6,0.6,0.7,0.8,1,0.9,5.1,5.8,5.7,5.1,6.7,7.7,7.9,7.2,6.5,6.7,4.4,3.6,2,1.3
E07000167,Ryedale,4.5,5.4,5.4,1.1,1.1,1.1,1.1,1,0.8,0.8,1,1.2,1.1,4.6,4.5,4.8,4.9,6.3,7.7,8.5,7.4,7.5,7.3,5.1,3.3,2,0.8,4.2,4.7,5.1,0.9,1,1,0.9,0.7,0.6,0.7,0.7,1,1,4.5,4.8,5,4.6,6.9,8,7.9,7.6,7.2,7.2,5.1,4.1,2.6,1.7
E07000168,Scarborough,5,5.4,5.3,1.1,1.1,1.1,1,0.9,0.8,0.9,1,1.1,1,5.7,5.1,4.8,4.6,6,7.1,8.1,7.4,7.3,7.6,4.9,3.5,1.8,0.8,4.4,4.9,5,0.9,1,0.9,0.9,0.7,0.7,0.7,0.9,0.8,0.8,5,4.9,4.6,4.8,6.2,7.3,8,7.5,7.5,7.7,5.5,4.2,2.7,1.7
E07000169,Selby,5.9,6.2,6,1.1,1.2,1.1,1,0.9,0.8,0.8,1,1,1.1,5.6,6,6.2,5.7,7.1,8,7.7,6.5,5.8,5.8,3.5,2.4,1.2,0.5,5.3,5.7,5.7,1.1,1.1,1,0.9,0.6,0.6,0.8,0.7,0.9,1,5.8,6.4,6.2,5.9,7.2,7.8,7.7,6.1,6,5.8,3.9,2.9,1.8,1.2
E08000016,Barnsley,5.9,6.3,6,1.2,1,1.1,1,0.9,1,1,1.1,1.2,1.2,6.5,6.4,6.3,5.3,6.8,7.8,7.1,6.3,5.6,5.3,3.6,2.3,1.2,0.5,5.6,5.8,5.5,1,1,1,1,0.8,0.8,1,1.1,1.2,1.2,6.5,6.6,6.3,5.5,6.8,7.4,7,6.2,5.4,5.5,3.8,2.8,1.9,1.1
E08000017,Doncaster,6,6.4,6.3,1.1,1.1,1.1,1.1,1,1,1,1.1,1.2,1.2,6.8,6.8,6.7,5.8,6.6,6.9,7.1,6.1,5.2,5,3.4,2.2,1.2,0.5,5.6,6.1,6,1.1,1,1,1,0.8,0.8,0.9,1.1,1.1,1.2,6.4,6.9,6.3,5.3,6.4,7.2,6.9,6.2,5.5,5.4,3.7,3.1,1.9,1.1
E08000018,Rotherham,6.1,6.5,6.3,1.2,1.2,1.1,1.1,1.1,1,1,1.2,1.2,1.2,6.3,6.4,5.9,5.4,6.8,7.4,7.1,6,5.4,5.3,3.6,2.5,1.2,0.5,5.7,6.1,6,1,1.1,1.1,1,0.9,0.9,0.9,1,1.1,1.1,6.3,6.5,6.4,5.5,6.7,7.1,6.7,6,5.3,5.5,4,3,1.8,1.2
E08000019,Sheffield,5.7,6,5.9,1.1,1.1,1.1,1.2,2,2.4,2.4,2.2,2,1.8,9.4,6.8,5.9,5.6,5.9,6.4,5.7,4.8,4,4,2.9,2.1,1.1,0.6,5.3,5.6,5.5,1,1,1,1.2,2,2.3,2.2,2.1,1.7,1.7,8.8,6.7,6.1,5.4,6.2,6.3,5.7,4.8,4.3,4.4,3.3,2.7,1.8,1
E08000032,Bradford,7.3,7.9,7.6,1.4,1.4,1.4,1.3,1.3,1.3,1.3,1.2,1.3,1.2,6.4,6.6,7,6.5,6.6,6.2,5.8,5.1,4.4,3.7,2.4,1.8,1,0.4,7.1,7.4,7.3,1.3,1.3,1.3,1.3,1.2,1.1,1.1,1.2,1.2,1.1,6,7,7,6,6.4,6.2,6,5.2,4.4,4,2.8,2.4,1.6,0.9
E08000033,Calderdale,6,6.7,6.2,1.2,1.2,1.1,1.2,1,1,1,1.1,1.2,1.2,5.9,5.9,6.3,6,7.3,7.7,7.2,6.1,5.4,5.1,3.4,2.1,1,0.5,5.5,6.2,6.1,1.1,1.1,1.1,1.1,0.9,0.8,0.9,1.1,1.1,1,5.8,6.3,6.4,6,7.1,7.4,7.1,6,5.3,5.4,3.6,2.7,1.8,1.2
E08000034,Kirklees,6.3,6.9,6.6,1.3,1.2,1.2,1.2,1.1,1.2,1.2,1.3,1.3,1.3,6.6,6.2,6.5,6.1,7,7.2,6.4,5.5,5,4.7,3,2.1,1.1,0.5,5.9,6.4,6.3,1.2,1.2,1.1,1.1,1.1,1.1,1.2,1.2,1.2,1.1,6.1,6.5,6.6,6,6.8,6.9,6.4,5.5,5,5.1,3.6,2.7,1.7,1.1
E08000035,Leeds,6.6,6.7,5.9,1.1,1.1,1.1,1.2,1.8,2,2,2,2,1.8,8.8,7,6.6,5.7,6.1,6.2,5.6,4.6,4.2,4,2.6,2,1.1,0.4,6,6.1,5.5,1,0.9,0.9,1.1,2,2.3,2.1,2.1,1.8,1.7,8.1,6.7,6.7,5.6,5.9,6.1,5.6,4.8,4.3,4.3,3.1,2.6,1.6,0.9
E08000036,Wakefield,6.3,6.5,6,1.2,1,1,1.1,0.9,0.9,0.9,1.1,1.2,1.1,6.6,6.8,6.4,5.6,6.9,7.5,7.1,6,5.3,5.1,3.4,2.3,1.1,0.5,5.8,6,5.5,1.1,1,1,1,0.8,0.8,0.9,1,1.1,1.2,6.6,7,6.6,5.6,6.8,7.3,6.8,5.9,5.3,5.4,3.8,2.8,1.8,1.1
E06000015,Derby,6.5,7,6.8,1.3,1.2,1.2,1.3,1.5,1.6,1.6,1.5,1.5,1.5,7.5,7.1,6.4,5.8,6.3,6.7,6,4.8,4.2,4,2.8,2.2,1.2,0.5,6.2,6.8,6.3,1.1,1.1,1.1,1.2,1.3,1.5,1.5,1.4,1.2,1.2,7,6.9,6.6,5.9,6.4,6.7,6,4.9,4.3,4.5,3.3,2.7,1.9,1.3
E06000016,Leicester,7.1,7,6.6,1.2,1.2,1.2,1.3,2,2.7,2.8,2.4,1.9,1.8,9.6,7.2,6.9,5.9,5.5,5.3,5.2,4.4,3.8,2.9,1.9,1.4,0.8,0.4,6.7,6.9,6.3,1.2,1.1,1.1,1.2,2.2,2.8,2.6,2.1,1.7,1.7,8.8,7.2,6.6,5.6,5.5,5.5,5.3,4.5,3.8,3.1,2.3,1.9,1.3,0.9
E06000018,Nottingham,6.2,6.2,5.6,1,1,1,1.4,3.5,3.9,3.5,2.9,2.3,2.1,10.7,7,6.4,5.4,5.3,5.3,4.8,3.9,3.4,2.9,1.8,1.3,0.8,0.4,6,6.1,5.5,1,0.9,1,1.5,4,4.2,3.6,2.8,2,1.7,9.6,6.6,5.9,5,5.3,5.5,5,4.1,3.5,3,2.2,1.9,1.3,0.9
E06000017,Rutland,4.7,5.3,5.8,1.6,1.4,1.4,1.2,0.8,0.6,0.6,1,1.1,1.1,5.8,5.8,5.5,5.9,6.6,7.1,7.2,6.1,6.4,6.6,4.6,3.4,1.7,0.8,4.7,4.8,5.8,1.3,1.4,1.3,1.3,0.6,0.3,0.5,0.5,0.9,0.9,4.7,4.4,5.3,5.4,6.7,7.8,7.2,6.7,6.7,7.2,5.3,4,2.4,1.9
E07000032,Amber Valley,5.1,5.9,5.5,1.1,1.1,1.1,1,1,0.9,0.9,1,1.1,1.1,6,5.4,5.7,5.6,7.3,8,7.6,6.6,6.2,6.3,4.1,2.5,1.3,0.6,4.7,5.2,5.2,0.9,1,1,0.9,0.8,0.8,0.8,1,1,1.1,5.8,6,5.9,5.7,7.1,7.9,7.3,6.3,6.1,6.4,4.4,3.1,1.9,1.4
E07000033,Bolsover,5.8,5.8,5.7,1,1.1,1,1,1,1,1,1.1,1.2,1.1,6.5,6.1,6.1,5.6,7,8.3,7.2,6.3,5.7,5.6,3.8,2.3,1.2,0.4,5,5.6,5.5,1,1.1,1,0.9,0.9,0.9,0.9,1.1,1.2,1.2,6.2,6.4,5.8,5.4,7.4,8,7,6.2,5.7,5.6,4.1,2.9,1.8,1.2
E07000034,Chesterfield,5.2,5.8,5.6,1,1,1,1,0.9,1.1,1,1.2,1.2,1.4,6.4,6.2,6.2,5.4,7.1,7.9,7.3,6.5,6,5.5,3.9,2.5,1.4,0.6,4.8,5.6,5.2,1,0.9,0.9,1,0.8,0.9,0.8,1.1,1.2,1.1,6.3,6.2,5.8,5.7,7,7.7,7.1,6.3,5.7,5.9,4.2,3.2,2.1,1.5
E07000035,Derbyshire Dales,3.9,4.7,5.4,1.1,1.2,1,1,0.9,0.8,0.9,0.9,1,1.1,5,4.4,4.3,5,6.9,8.7,8.5,7.5,7.5,7.4,5.1,3.3,1.7,0.8,3.8,4.6,5.3,1.1,1.1,1,1,0.7,0.6,0.7,0.9,0.9,0.8,4,4.1,4.4,5.1,6.9,8.5,8.4,7.4,7.3,7.7,5.4,4,2.6,1.8
E07000036,Erewash,5.5,6.4,6,1.2,1,1.1,1,1,0.9,1,1,1.2,1.2,6.1,6.3,5.9,5.7,7,7.9,7.5,6,5.3,5.4,3.8,2.5,1.4,0.7,4.8,5.6,5.3,1,1,1,0.9,0.8,0.8,0.9,1,1.1,1.2,6.2,6.5,6.1,5.8,7.1,7.9,7,5.7,5.3,5.7,4.1,3.2,2.2,1.4
E07000037,High Peak,5.1,5.5,5.8,1.2,1,1,1,0.9,0.9,1,1.1,1.2,1.1,5.9,5.8,5.5,5.3,7.1,8.1,8.1,7,6.4,6,3.7,2.4,1.3,0.5,4.8,5.3,5.3,1,1,1,1,0.8,1,0.7,1,1,1,5.7,5.6,5.9,5.6,7.1,8.2,7.9,6.7,5.9,6,4.4,2.9,1.9,1.2
E07000038,North East Derbyshire,5,5.5,5.4,1.1,1,1,1.1,0.8,0.8,1,0.9,1.1,1.1,5.7,5.2,5.4,5.1,6.8,7.9,7.5,6.9,6.5,6.9,4.8,3.2,1.6,0.7,4.5,5.1,5.1,1,0.9,1,1,0.6,0.8,0.7,1,1,1.1,5.3,5.5,5.4,5.4,6.9,7.7,7.4,6.8,6.6,7.1,5.2,3.7,2.2,1.1
E07000039,South Derbyshire,5.7,6.3,6.5,1.2,1.2,1.2,1.2,0.9,1,1,1.1,1.1,1.1,6.1,6,6.5,6.2,7.4,8.1,6.9,5.8,5.4,5.2,3.3,2,1.1,0.5,5.3,5.8,5.6,1.2,1.1,1.1,1,0.9,0.7,0.9,1,1,1,6.6,6.6,6.7,6.3,7.3,7.8,7,5.8,5.3,5.2,3.5,2.5,1.7,1
E07000129,Blaby,6.1,6.4,6.4,1.3,1.1,1.1,1.1,0.8,0.9,0.9,1,1.2,1.1,5.6,6.2,6.4,6,6.8,7.5,7,6,5.4,5.5,3.6,2.6,1.4,0.5,5.2,5.9,5.7,1.2,1,0.9,1,0.8,0.7,0.8,0.9,1,1.1,5.8,6.8,6.7,6,6.8,7.4,6.9,5.7,5.3,5.7,4,3.2,2,1.3
E07000130,Charnwood,5.3,5.6,5.4,1,1,1.2,1.4,2.9,2.8,2.2,2.3,1.7,1.8,7.7,5.7,5.7,5.4,6.3,6.5,6.1,5.4,4.8,4.7,3.2,2.1,1.2,0.5,5,5.5,5,1,0.9,1,1.3,2,2.1,1.7,1.7,1.5,1.4,7.1,6.2,6.4,5.4,6.4,6.8,6.3,5.3,5.2,5.1,3.7,2.7,1.9,1.2
E07000131,Harborough,5.2,6,6.7,1.3,1.3,1.2,1.3,0.9,0.7,0.8,0.9,0.9,1.2,5.1,4.9,5.2,6,7.4,8.4,7.8,6.3,5.9,6,4,2.8,1.4,0.6,4.7,5.7,6,1.2,1.2,1.1,1.1,0.7,0.6,0.7,0.8,0.8,0.9,4.8,5.2,5.8,6.1,7.8,8.4,7.4,6.3,5.9,6.2,4.2,3.2,2.1,1.5
E07000132,Hinckley and Bosworth,5.5,6.2,6,1.1,1.1,1,1.1,0.9,0.9,0.9,1,1,1.1,5.6,5.8,5.8,5.9,7,7.8,7.2,6.2,6,6.3,3.9,2.7,1.4,0.6,5,5.6,5.2,1.1,1,1,1,0.7,0.7,0.8,0.9,0.9,1,5.9,6.2,6.1,5.9,7,7.6,7.2,6.1,6.2,6.3,4.3,3.1,1.9,1.4
E07000133,Melton,5.1,6,5.9,1.2,1.1,1,1.1,0.9,0.8,0.9,0.9,1,1,5.2,4.8,5.1,5,6.8,8.7,8.3,6.7,6.7,6.5,4.4,2.6,1.5,0.7,4.7,5.6,5.6,1.1,1,1.1,1,0.8,0.8,0.8,0.8,1,1,4.8,4.9,5.8,5.7,7,8.5,7.8,6.7,6.5,6.3,4.4,3,2,1.4
E07000134,North West Leicestershire,5.7,6,6.1,1.3,1.1,1.1,1,0.9,0.9,1.1,1,1.1,1.1,5.8,5.8,6,5.9,7.5,8.1,7.3,6.1,5.8,5.8,3.7,2.4,1.1,0.4,5.2,5.7,5.5,1.2,1.1,1,1,0.8,0.9,1,1.1,1.1,1.1,6,6,6.4,5.9,7.5,7.7,7.1,5.8,5.6,5.9,3.9,2.6,1.6,1.3
E07000135,Oadby and Wigston,5.7,6.2,6.4,1.1,1.1,1.2,1.4,2.6,1.5,1.2,1.3,2.1,1.9,4.5,5.1,5.6,5.4,6.4,6.7,6.8,5.9,5.1,5,3.9,3,1.9,0.9,4.9,5.9,5.6,1.1,1.1,1,1.2,2.2,0.9,0.6,1,1.4,1.3,4.7,6.1,6.2,5.6,6.3,6.9,6.9,5.6,5.2,5.5,4.2,3.8,2.8,1.9
E07000136,Boston,6.3,6.9,5.6,1,1,1,0.9,0.9,1,1,1.1,1.2,1.2,6.6,7.1,6.8,5.5,6.3,6.5,6.5,5.9,5.5,5.7,3.8,2.5,1.3,0.7,5.8,6.4,5.6,0.8,0.9,1,1.1,0.8,0.8,0.7,0.9,1.1,1,5.9,6.7,6.4,5.8,6.2,6.8,6.6,6.3,5.9,5.5,4.2,3.1,2.1,1.4
E07000137,East Lindsey,4.6,5.2,5.1,1,1,0.9,0.9,0.8,0.8,0.8,0.9,1,0.9,4.9,4.5,4.4,4.2,5.8,7.2,7.8,7.7,8.3,8.9,5.9,3.8,2,0.8,4.1,4.8,4.8,0.9,0.9,0.8,0.9,0.7,0.7,0.8,0.7,0.8,0.8,4.2,4.5,4.5,4.4,6.3,7.5,8.2,8.2,8.1,8.4,5.8,4,2.5,1.5
E07000138,Lincoln,5.8,5.6,5,0.9,0.8,1,1.3,3.7,3.7,3.3,2.6,2.1,1.7,8.9,7.2,6.1,5.1,5.4,5.6,5.6,4.4,4.1,3.9,2.6,1.7,1.1,0.5,5.3,5.1,4.5,0.9,0.8,0.8,1.5,4.5,4.7,3.7,2.4,1.5,1.3,7.7,6.1,5.9,4.7,5.3,5.9,5.9,4.8,4.5,4.1,2.8,2.4,1.7,1.3
E07000139,North Kesteven,5.3,5.9,5.7,1.1,1.1,1,1,0.8,0.8,0.8,1,1.1,1.1,5.7,6,5.9,5.4,6.7,7.5,7.5,6,5.9,6.6,4.7,3.3,1.6,0.6,4.8,5.7,5.4,1.1,1.1,1,1.1,0.7,0.7,0.7,0.9,0.9,0.9,5.3,5.8,5.9,5.4,7,7.7,7.4,6.1,6.1,6.6,5,3.4,2.1,1.2
E07000140,South Holland,5.7,5.9,5.6,1.1,1.1,1,1,0.8,0.8,0.9,1.1,1.1,1.1,5.3,5.9,5.5,5.3,6.6,7.3,7.3,6.3,6.1,6.7,4.5,3.2,1.8,0.9,5.1,5.8,5.1,1,0.9,0.9,0.9,0.6,0.8,0.9,0.9,1,0.9,5.2,5.9,5.6,5.6,6.7,7.2,7.1,6.4,6.2,6.7,4.8,3.7,2.3,1.5
E07000141,South Kesteven,5.4,6.4,6.3,1.2,1.2,1.2,1.1,0.8,0.8,0.7,0.9,1.1,1,4.8,5.2,5.4,5.6,7,7.7,7.6,6.6,6.2,6.4,4.4,2.8,1.6,0.7,4.9,5.7,5.8,1.1,1.1,1.1,1,0.7,0.6,0.6,0.8,0.9,0.9,4.7,5.5,6.1,5.8,7.2,7.5,7.4,6.6,6.3,6.5,4.5,3.2,2.1,1.4
E07000142,West Lindsey,5.2,5.9,5.8,1.2,1.1,1,1.1,0.9,0.9,0.9,0.9,1,1,5.3,4.8,5,5,6.5,7.5,7.8,6.9,6.8,7.2,4.9,3.2,1.6,0.6,4.7,5.4,5.4,1,1,1,1,0.7,0.6,0.7,0.9,1,0.9,4.8,5.3,5.5,5.2,6.7,7.7,8,7.2,6.8,6.9,4.8,3.4,2,1.3
E07000150,Corby,7.4,7.9,6.6,1.3,1.2,1,1.1,0.9,1,0.9,1.1,1,1.1,6.4,7.5,8.1,6.9,6.5,7.1,6.7,5.2,4.2,3.6,2.4,1.7,0.7,0.3,6.7,7.4,6.7,1.1,1,1.1,1,0.9,0.9,0.7,1,0.9,1,6.7,8,7.9,6.3,6.1,7.2,6.5,5.5,4.5,4.1,2.8,2,1.2,0.7
E07000151,Daventry,5.5,6.1,6.3,1,1.2,1.2,1.1,1,0.8,0.9,1,1.2,1.2,5.7,5.3,5.6,5.7,7.2,8.2,7.5,6.5,5.9,5.9,3.8,2.3,1.3,0.6,5.2,5.9,6,1.1,1.1,1.1,1,0.6,0.6,0.8,0.9,1,0.9,5.4,5.7,6,6,7.3,8.3,7.5,6.3,6,6.1,3.9,2.7,1.7,1.1
E07000152,East Northamptonshire,5.6,6,6.6,1.5,1.3,1.2,1.3,0.9,0.9,1,1.1,1,1.1,5.1,5.2,5.6,5.7,7.5,8.2,7.2,6,5.8,6.1,3.7,2.5,1.5,0.7,5.2,5.8,6.1,1.2,1.1,1.1,1.1,0.7,0.8,0.9,0.8,0.8,1,5.2,5.7,6,6.1,7.5,8,7.1,5.8,6.3,6.1,3.9,2.7,1.8,1.4
E07000153,Kettering,6.4,7.1,6.6,1.3,1.2,1.2,1.1,0.9,0.8,0.7,1,1,1.1,6.1,6.2,6.6,6.6,7.3,7.5,6.6,5.3,5.1,5.2,3.4,2.2,1.1,0.5,6,6.6,6.2,1.1,1.1,1,1.1,0.8,0.7,0.8,1,1.1,1,5.8,6.7,6.5,6.2,7.2,7.3,6.5,5.4,5.3,5.6,3.5,2.5,1.6,1.3
E07000154,Northampton,7.1,7.5,6.5,1.1,1.1,1.1,1.2,1.2,1.2,1.2,1.3,1.3,1.3,6.7,7.1,7.5,6.8,6.9,6.7,6.1,4.9,4.3,4,2.6,1.8,1,0.5,6.9,7,6.4,1.1,1,1.1,1.2,1.2,1.3,1.3,1.2,1.1,1,6,7.2,7.5,6.3,6.6,6.5,6.1,5.1,4.6,4.4,2.9,2.3,1.5,1
E07000155,South Northamptonshire,5.6,6.6,6.4,1.3,1.2,1.2,1.1,0.8,0.8,0.8,1,1,1,5.3,5,5.6,5.8,7.6,8.1,7.6,6.3,5.5,6.1,3.8,2.4,1.4,0.6,5.1,5.9,6.1,1.2,1.1,1.2,1,0.6,0.6,0.7,0.9,0.8,0.8,4.9,5.6,6.3,6.6,7.7,8.2,7.7,6,5.6,6.2,3.8,2.6,1.7,1.1
E07000156,Wellingborough,6.3,7.3,6.7,1.3,1.3,1.2,1.2,1,0.9,1,1,1.2,1.1,5.4,5.7,6.3,6,6.9,7.6,6.5,5.8,5.5,5.3,3.6,2.2,1.2,0.6,5.9,6.7,6.3,1.2,1.1,1.1,1,0.8,0.7,0.8,0.9,1,1,5,6.4,6.7,5.9,7.2,7.2,6.8,5.9,5.6,5.9,3.8,2.6,1.7,1
E07000170,Ashfield,6,6.5,6,1.1,1.1,1.1,1.1,1,1.1,1.1,1.2,1.2,1.1,6.3,6.5,6.2,5.6,6.8,7.6,7.2,5.8,5.4,5.1,3.9,2.4,1.1,0.5,5.4,6.1,5.7,1,1,1.1,1,0.9,0.9,1,1,1.2,1.1,6.6,6.9,6.3,5.7,7,7.5,6.9,5.6,5.4,5.3,4.1,2.8,1.7,1
E07000171,Bassetlaw,5.5,6,5.7,1.2,1.1,1,1.1,1,1,1,1.1,1.1,1.3,5.9,5.4,5.6,5.5,6.8,7.7,7.6,6.6,6,6.2,4.1,2.6,1.4,0.6,5.3,5.8,5.4,1.1,1.1,1,0.9,0.8,0.8,0.9,0.9,1,1.1,5.3,5.5,5.6,5.5,7,7.8,7.5,6.4,6.1,6.3,4.4,3.2,2.1,1.2
E07000172,Broxtowe,5.1,6,5.6,1,0.9,1,1,1.3,1.2,1.2,1.2,1.2,1.3,6.9,6.9,6,6.1,6.8,7.3,6.6,5.9,5.4,5.6,3.9,2.6,1.4,0.7,4.9,5.4,5.3,1,0.9,0.9,1,1.1,1.1,0.9,1.1,1.3,1.3,6.1,6.5,6.2,5.8,6.7,7.1,7,5.9,5.7,6.1,4.3,3.2,2,1.4
E07000173,Gedling,5.5,6.2,6.2,1.1,1.1,1,1.1,0.9,0.9,0.9,0.9,1.1,1,6.1,6,6.2,6,7,7.5,7.2,6,5.8,5.7,3.7,2.8,1.4,0.5,4.9,5.5,5.5,1.1,1,1,1,0.7,0.7,0.8,1,1,1.1,6.1,6.2,6.4,6.1,7,7.5,7.3,6,5.8,5.8,4.1,3.4,2.1,1.1
E07000174,Mansfield,6,6.4,5.9,1.1,1.1,1,1,0.9,1,0.9,1,1.2,1.2,6.7,6.7,6.4,5.6,6.7,7.4,7.1,6.3,5.6,5.2,3.4,2.4,1.2,0.5,5.8,6.3,5.5,0.9,0.9,1,0.9,0.7,0.8,0.9,1.1,1,1.2,6.4,6.7,6.6,5.6,6.4,7.4,7.3,6.2,5.4,5.3,3.9,2.9,1.9,1.2
E07000175,Newark and Sherwood,5.3,6.3,5.9,1.1,1.1,1.1,1,1,1,0.9,1.1,1.2,1.1,5.9,5.7,5.6,5.5,6.7,7.7,7.4,6.5,5.9,6.1,4.1,2.8,1.4,0.6,5,5.7,5.6,1,1,1,1,1,0.7,0.8,0.9,1,1.1,5.6,5.8,5.6,5.5,6.8,7.7,7.3,6.6,6,6.4,4.5,3.2,2,1.3
E07000176,Rushcliffe,5.3,6.4,6.5,1.2,1.1,1.1,1,0.8,1,1,1.1,1.1,1.2,6,5.4,6.1,6.3,7.1,7.4,7.2,5.9,5.5,5.5,3.7,2.7,1.6,0.7,4.7,5.7,6.1,1,1.1,1,1,0.7,0.8,0.9,1.1,1.1,1.2,5.3,5.5,6.3,6.6,7,7.4,6.9,5.8,5.5,5.9,4.2,3.2,2.3,1.6
E06000019,"Herefordshire, County of",5,5.8,5.7,1.1,1,1,1,0.9,0.8,0.8,0.9,1.1,1.1,5.8,6.1,5.8,5.2,6.2,7.4,7.5,6.7,6.5,6.5,4.5,3.1,1.7,0.8,4.4,5.4,5.1,1,1,1,1,0.8,0.7,0.8,0.9,0.9,1,5.2,5.5,5.6,5.2,6.3,7.6,7.3,7.1,6.7,6.8,4.9,3.7,2.4,1.6
E06000051,Shropshire,4.8,5.4,5.6,1.1,1.1,1.1,1.1,0.9,0.9,0.9,0.9,1,1,5.6,5.8,5.4,5.3,6.7,7.7,7.8,6.7,6.4,6.5,4.6,3.1,1.7,0.8,4.4,5,5.3,1.1,1.1,1,1,0.8,0.7,0.8,0.9,0.9,1,4.9,5.1,5.4,5.3,6.7,7.7,7.6,6.9,6.7,6.9,5.1,3.7,2.4,1.6
E06000021,Stoke-on-Trent,6.6,6.9,6.1,1.1,1.1,1.1,1.1,1.4,1.5,1.5,1.5,1.3,1.4,7.4,7.2,6.7,5.6,6.3,6.6,6.3,5.4,4.8,4.5,3.1,2,1,0.4,6.3,6.8,6,1.1,1,1,1,1.2,1.3,1.3,1.3,1.3,1.3,7.3,7.1,6.3,5.4,6.3,6.5,6.2,5.5,4.9,5,3.5,2.7,1.6,0.9
E06000020,Telford and Wrekin,6.2,7,6.6,1.2,1.1,1.1,1.2,1.2,1.2,1.1,1.4,1.3,1.3,6.6,6.4,6.6,6.2,7,7.4,6.5,5.3,5,4.6,3.2,2,1,0.4,5.8,6.8,6.4,1.1,1.1,1.2,1.1,1.2,1.1,1.1,1.3,1.1,1.3,5.9,6.7,6.6,5.8,6.8,7.2,6.6,5.6,5.2,5,3.5,2.5,1.4,0.8
E07000192,Cannock Chase,5.7,5.9,5.8,1.2,1.1,1.1,1,0.9,1,1,1.1,1.2,1.2,6.7,6.7,6.4,5.8,7.3,8,7.1,5.9,5.2,5.3,3.5,2.2,1.1,0.5,5.1,5.6,5.6,1.1,1,1,1.1,0.8,0.8,0.9,1.1,1.1,1.1,6.6,6.8,6.6,5.5,7.3,7.7,7,5.9,5.5,5.3,3.9,2.9,1.8,1.2
E07000193,East Staffordshire,6.2,6.6,6,1.2,1.1,1.2,1.1,0.9,0.9,1,1,1.3,1.3,6.5,6.3,6.7,5.7,6.9,7.3,7,6,5.1,5,3.6,2.3,1.2,0.5,5.7,6.2,5.9,1.1,1.1,1.1,1.1,0.8,0.8,0.8,1,1.1,1.1,5.9,6.1,6.3,5.7,6.8,7.6,7,5.9,5.3,5.3,4.1,3,2,1.2
E07000194,Lichfield,5,5.6,5.9,1.1,1.2,1,1.1,1,1,1.1,1.1,1.1,1.1,5.4,5.4,5.4,5.6,7.1,7.6,7.2,6.1,5.9,6.5,5,3,1.5,0.7,4.7,5.5,5.3,1.1,1,1,0.9,0.7,0.7,0.7,0.9,0.9,1.1,5.2,5.5,5.7,6,6.9,7.7,7,6.1,6.1,7.1,5.3,3.5,2.1,1.4
E07000195,Newcastle-under-Lyme,4.8,5.5,5.5,1.1,1.1,1,1.1,1.8,1.8,1.9,1.7,1.5,1.3,7.7,6.2,5.7,5.4,6.4,7,6.6,5.8,5.4,5.5,3.8,2.6,1.4,0.6,4.5,5,5.2,1,1,0.9,1.1,1.8,1.8,1.7,1.5,1.3,1.2,6.9,5.9,5.8,5.4,6.4,6.9,6.9,5.8,5.6,5.7,4.1,3.2,2.1,1.3
E07000196,South Staffordshire,4.5,5.1,5.1,1.1,1,1,1.1,1,1.1,1.1,1.2,1.2,1.3,6.1,5.5,5.3,5.2,6.8,8,7.9,6.5,6.1,6.3,4.9,3.2,1.6,0.6,4.4,4.9,5.1,1,1,1,0.9,0.8,0.7,0.9,0.9,0.9,1.1,5,4.9,5.3,5.2,6.8,7.9,7.9,6.9,6.6,6.8,5.4,3.9,2.4,1.5
E07000197,Stafford,5,5.8,5.7,1.1,1.1,0.9,1,0.8,0.9,1,1,1.1,1.1,6.8,6.1,5.8,5.7,7,7.6,7.3,6.1,5.8,5.9,4.3,2.8,1.5,0.7,5,5.1,5.7,1,1,0.9,1,0.8,0.7,0.8,0.9,1,1.1,5.8,5.9,5.9,5.6,7,7.5,7.3,6.2,5.9,6.3,4.8,3.5,2.1,1.4
E07000198,Staffordshire Moorlands,4.4,5.4,5.7,1.1,1.1,1.2,1.1,0.9,0.9,0.9,0.9,1,1.1,5.1,5,5,5,7.4,8,7.8,6.8,6.6,7,5,3.1,1.6,0.6,4.1,4.9,5.3,1.1,1,1,1,0.8,0.8,0.7,0.9,1,1,4.8,5,5.2,5.5,7.1,8.2,7.6,6.7,6.8,7.2,5,3.7,2.2,1.3
E07000199,Tamworth,6,6.6,6.5,1.3,1.1,1.1,1.2,1.1,1,1.2,1.2,1.1,1.2,6,6.4,6.6,5.9,7.1,7.4,6.4,5.7,5.4,5.4,3.5,2.2,0.9,0.4,5.5,5.9,5.8,1.2,1,1,1.1,0.9,0.8,1,1.1,1.1,1.1,6.3,6.9,6.5,5.7,7.1,7.1,6.7,6,5.7,5.4,3.9,2.7,1.6,1
E07000218,North Warwickshire,5.3,5.9,5.7,1.1,1.2,1.1,1.1,1,0.9,0.9,1.1,1.1,1.1,6,6.1,5.2,5.5,7.1,7.9,7.6,6.6,5.9,6,4.2,2.6,1.4,0.6,5,5.7,5.3,1,1,1,1,0.8,0.7,0.9,0.9,1,1,5.8,5.8,6,5.5,7,7.9,7.4,6.3,5.9,6.2,4.3,3.1,2,1.4
E07000219,Nuneaton and Bedworth,6.6,6.7,6.1,1.1,1.1,1.1,1.1,0.9,1.1,1,1,1.3,1.2,6.2,6.5,6.5,5.9,6.7,7.3,7,5.8,5.4,5.2,3.6,2.3,1.2,0.4,5.9,6.1,5.8,1.1,1,1.1,1,0.8,0.8,0.9,1.1,1.2,1.1,6.3,6.8,6.4,5.7,6.6,7.4,6.5,5.7,5.5,5.4,3.9,2.9,1.8,1
E07000220,Rugby,6.1,6.7,6.5,1.3,1.3,1.2,1.2,0.8,0.9,0.9,1,1.2,1.2,5.9,6.2,6.7,6.6,7.2,7.2,6.9,5.3,4.7,4.9,3.8,2.5,1.2,0.7,6,6.3,6.3,1.1,1.1,1.1,1.1,0.8,0.7,0.8,0.9,1,1,5.5,7,7,6.2,6.9,7.1,6.6,5.2,4.8,5.2,4,3,1.8,1.4
E07000221,Stratford-on-Avon,5.1,5.5,5.9,1.1,1.1,1.1,1.1,0.9,0.7,0.8,1,1.1,1.1,5.3,5,5.3,5.2,6.8,7.6,7.6,6.6,6.3,6.9,4.8,3.5,1.8,0.8,4.6,5.1,5.2,1,0.9,1,0.9,0.6,0.6,0.7,0.8,1,1,4.5,5,5.4,5.5,7.2,7.7,7.6,6.6,6.2,7,5.2,3.9,2.5,1.9
E07000222,Warwick,5.4,5.6,5.5,1.1,0.9,1.1,1.1,1.7,2.3,2.3,1.8,1.1,1.5,9,5.9,6,6,6.5,6.7,6.3,5.2,4.6,4.8,3.2,2.4,1.4,0.7,5.1,5.4,5.3,1,1,0.9,1,1.4,2.1,2.1,1.9,1.2,1.3,7.4,5.3,6,6,6.7,6.8,6.3,5.2,5,5.1,4,3,2,1.5
E08000025,Birmingham,7.4,7.6,7.2,1.4,1.3,1.3,1.4,1.7,1.9,1.9,1.9,1.8,1.8,8.8,7.3,6.6,5.9,5.8,5.7,5.1,4.2,3.6,3,2.2,1.7,1,0.5,6.9,6.9,6.7,1.2,1.2,1.2,1.3,1.9,2,1.9,1.8,1.8,1.7,8.3,7.1,6.7,5.9,5.8,5.8,5.3,4.3,3.7,3.3,2.6,2.2,1.5,1
E08000026,Coventry,6.2,6.7,5.8,1,1,1,1.2,2.3,2.3,2.3,2.3,2.5,2.3,10.6,8.6,6.6,5.4,5.4,5.3,4.9,4.1,3.5,3.2,2.4,1.7,0.9,0.5,6.1,6.4,5.6,1.1,1,1,1.3,2,1.9,1.9,2.1,2.3,2.1,10.1,8,6.5,5.4,5.6,5.6,5,4.3,3.7,3.7,2.9,2.2,1.4,0.9
E08000027,Dudley,6.1,6.5,6.3,1.3,1.1,1.2,1.2,1,1,1,1.1,1.2,1.2,6.2,6.2,6.1,5.7,6.9,7.3,6.7,5.6,5.2,5.2,4,2.7,1.4,0.6,5.6,6.1,5.9,1.1,1.1,1.1,1.1,0.9,0.9,1,1.1,1.2,1.1,6.2,6.4,6.2,5.6,6.7,7.2,6.5,5.5,5.3,5.4,4.3,3.4,2.1,1.2
E08000028,Sandwell,7.4,7.6,7.1,1.3,1.2,1.3,1.2,1.2,1.1,1.2,1.3,1.2,1.3,7.1,7.4,7.2,6.2,6.6,6.5,5.9,4.9,4,3.6,2.7,1.9,1,0.4,6.9,7.1,6.7,1.2,1.2,1.1,1.1,0.9,0.9,1,1.1,1.2,1.2,6.8,7.5,7.5,6.1,6.5,6.8,5.9,4.8,4.2,3.9,3.3,2.5,1.6,1
E08000029,Solihull,5.9,6.9,6.8,1.3,1.3,1.2,1.1,1,0.9,1,1.1,1.1,1.2,5.9,5.7,5.7,5.6,6.8,7.4,6.9,5.7,5.1,5.5,3.9,2.6,1.5,0.8,5.4,6.1,5.9,1.1,1.1,1,1.1,0.8,0.8,0.8,1,1.1,1.1,5.6,5.7,6.1,5.9,6.8,7.3,7.1,5.5,5.3,5.7,4.3,3.4,2.3,1.6
E08000030,Walsall,7,7.3,6.9,1.3,1.3,1.2,1.2,1.2,1.1,1.2,1.2,1.2,1.3,6.6,6.8,6.5,5.9,6.6,6.7,6.3,5.1,4.5,4.3,3.2,2.4,1.2,0.5,6.7,6.7,6.4,1.2,1.2,1.2,1.1,1,1,1.1,1.2,1.2,1.2,6.8,6.9,6.5,5.5,6.4,6.6,6.2,5.1,4.6,4.5,3.8,3,1.9,1
E08000031,Wolverhampton,6.9,7.3,6.6,1.2,1.2,1.1,1.2,1.1,1.2,1.2,1.3,1.3,1.5,7.3,7.3,6.9,6.1,6.7,6.6,6,5,4.4,3.8,3,2.1,1.3,0.6,6.6,7,6.2,1.1,1.1,1,1,0.9,1,1.1,1.2,1.2,1.2,7,7.3,6.6,5.8,6.7,6.6,6.2,5.1,4.6,4.1,3.5,2.8,1.9,1.1
E07000234,Bromsgrove,5.3,6.2,6.3,1.2,1.1,1.1,1.1,0.9,0.8,0.8,1,1.1,1,5.4,5.8,5.6,5.9,7.2,7.8,7,6.2,5.8,5.7,4.1,3.1,1.7,0.8,5.2,5.8,5.8,1.1,1,1,1,0.6,0.6,0.6,0.8,1,0.9,5.2,5.4,6,6.1,7.2,7.8,7.1,5.8,5.8,5.9,4.6,3.4,2.5,1.9
E07000235,Malvern Hills,4.3,5.4,5.7,1.2,1.2,1,1,0.9,0.6,0.8,0.9,1,1,4.8,4.1,4.3,5.1,6.4,7.8,8,7.3,7.2,7.6,5.4,3.8,2.2,1,4,4.9,5.3,1.1,1.1,1.1,1,0.7,0.6,0.6,0.8,0.9,0.9,4.3,4.3,4.8,5.3,6.4,7.8,7.8,7,7.2,7.4,5.6,4.1,2.8,2.2
E07000236,Redditch,6.4,6.8,6.4,1.2,1.1,1.2,1.1,1,1,0.9,1.2,1.1,1.1,6.5,6.8,7.1,6.6,6.6,6.6,6.3,5.6,5.7,5.2,3.3,1.9,1,0.4,6,6.3,6.1,1.1,1,1,1,0.8,0.8,0.8,1.1,1.1,1.1,6.3,6.8,7.6,6.1,6.7,6.8,6.2,6.1,5.8,5.3,3.4,2.3,1.5,1.1
E07000237,Worcester,5.8,6.2,5.9,1.2,1.1,1.2,1.1,1.3,1.5,1.7,1.6,1.3,1.4,8.1,6.4,6.5,6,6.7,7.1,6.6,5.2,4.6,4.5,3,2.1,1.2,0.4,5.4,5.8,5.6,0.9,1,1,1.1,1.7,1.8,1.8,1.5,1.4,1.3,7.6,6.3,6.5,5.9,6.5,6.8,6,5.2,4.9,4.7,3.5,2.6,1.9,1.1
E07000238,Wychavon,5.1,5.7,5.8,1.1,1.1,1,1,0.8,0.8,0.9,0.9,1,1,5.1,5.1,5.1,5.2,6.7,7.7,7.8,6.7,6.8,6.9,4.8,3.2,1.7,0.9,4.7,5.4,5.3,1.1,1,1.1,0.9,0.6,0.7,0.8,0.8,1,0.9,4.5,5.2,5.5,5.5,7,7.9,7.5,6.8,6.7,7,4.8,3.4,2.4,1.8
E07000239,Wyre Forest,5.4,6,5.6,1.1,1.1,1,1,0.8,0.9,1,1.1,1.1,1,5.7,5.6,5.3,5.5,6.8,7.5,6.9,6.1,6.3,7.1,4.8,3.1,1.6,0.7,5.1,5.4,5.1,0.9,1,1,0.9,0.8,0.8,0.9,0.9,0.9,0.9,5.4,5.6,5.4,5.4,6.9,7.6,7,6.1,6.6,7.1,5.1,3.6,2.2,1.6
E06000055,Bedford,7,7.1,6.7,1.3,1.3,1.3,1.2,1,0.9,1,1.1,1.3,1,5.7,5.9,6.6,6.5,6.9,7.4,6.6,5.6,4.7,4.6,3.1,2.2,1.3,0.6,6.3,6.6,6.1,1.1,1.1,1.1,1.1,0.9,0.8,0.9,1,1.1,0.9,5.6,6.5,7.2,6.6,6.8,7.1,6.6,5.6,4.9,4.8,3.3,2.7,2,1.3
E06000056,Central Bedfordshire,6.5,6.8,6.2,1.1,1.1,1.1,1.1,0.9,0.8,0.9,1,1.1,1.1,5.9,7,6.7,6.5,7,7.4,6.9,5.8,4.8,4.8,3.2,2.3,1.2,0.6,5.9,6.3,5.9,1.1,1.1,1,1,0.7,0.7,0.7,0.8,1,1,5.8,7.3,7.2,6.7,7,7.4,6.9,5.6,5.1,5.1,3.5,2.6,1.6,0.9
E06000032,Luton,8.1,8.2,7.2,1.3,1.3,1.3,1.1,1,1.1,1.1,1.2,1.2,1.2,7.5,8.9,8.2,6.9,6.1,5.8,5.5,4.3,3.4,2.9,2,1.8,0.9,0.4,8.1,8,6.9,1.2,1.2,1.2,1.2,1.1,1.1,1.2,1.2,1.2,1.2,6.9,8,8,6.5,5.9,6.1,5.7,4.4,3.7,3.2,2.5,2.2,1.4,0.9
E06000031,Peterborough,7.9,8.2,6.7,1.2,1.1,1.2,1.1,1,0.8,1,1.1,1.2,1.2,7.1,8,7.7,6.7,6.6,6.5,5.7,4.6,4,3.7,2.4,1.8,1,0.5,7.4,7.7,6.5,1.2,1,1.1,1.1,0.8,0.8,0.9,1,1.1,1.1,6.4,7.8,7.8,6.5,6.4,6.5,5.8,5,4.5,4,2.8,2.3,1.6,1
E06000033,Southend-on-Sea,6.2,6.6,6.3,1.2,1.1,1.1,1.1,0.9,0.8,1,1.1,1.1,1.2,5.7,6.3,6.9,6.6,7.3,7.2,6.9,5.5,4.9,5.1,3.3,2.4,1.5,0.7,5.9,6.2,5.9,1,0.9,1,1.1,0.8,0.9,0.9,1,1.1,1,5.6,6.4,6.7,6.6,7.1,7.1,6.5,5.3,5.1,5.4,3.8,3,2,1.7
E06000034,Thurrock,8,7.8,7.1,1.3,1.2,1.2,1.2,1,1,1,1.2,1.2,1.1,6.3,7.3,7.4,7.2,7.1,7.2,6,4.7,4.1,3.7,2.3,1.5,0.8,0.4,7.3,7.3,6.8,1.2,1.1,1.1,1,0.9,0.9,0.9,1,1.1,1.1,6.7,8.2,7.9,7.2,6.8,6.7,5.6,4.4,4.1,4,2.7,2,1.3,0.7
E07000008,Cambridge,5.5,5.8,5.2,0.9,0.9,1,1.4,3,3.5,3.6,3.3,2.9,2.7,11.3,7.1,5.5,5.4,5.3,5.5,4.8,3.9,3.3,2.9,2.1,1.6,1,0.6,5.6,5.6,5.2,1,0.9,0.9,1.4,3.5,3.9,3.7,3.2,2.7,2.3,8.5,4.9,5.9,5.5,5.7,5.6,4.9,4.3,3.9,3.4,2.5,2.1,1.6,1.3
E07000009,East Cambridgeshire,5.7,6.8,6.9,1.2,1.3,1.2,1,0.9,0.9,0.9,0.9,1,1,4.8,5.3,6.5,6.7,7.5,7.5,6.9,5.8,5.3,5.6,3.8,2.6,1.4,0.6,5.3,6.5,6,1.1,1,1,0.9,0.7,0.7,0.6,0.8,1,0.9,4.8,6.2,7,6.8,7.3,7.4,6.8,5.8,5.6,5.7,3.8,2.9,1.9,1.5
E07000010,Fenland,5.9,6.1,5.5,1.1,1,1,1.1,0.9,1,1.1,1.1,1.2,1.1,6.1,6.3,5.7,5.5,6.4,7.2,7.1,6.2,6.1,6.3,4.1,2.9,1.6,0.7,5.4,5.8,5,1.1,1,1,1,0.8,0.8,0.9,1,1.1,1.1,5.7,6.1,5.9,5.2,6.6,7.2,7,6.3,6.2,6.3,4.4,3.4,2.3,1.7
E07000011,Huntingdonshire,5.8,6.3,5.9,1.1,1.1,1.1,1.1,0.8,0.9,0.9,1.1,1,1.1,5.7,6.7,6.2,6.3,7.2,7.7,7.1,6,5.2,5.7,3.7,2.4,1.3,0.6,5.4,5.9,5.5,1,1,1.1,1,0.7,0.7,0.8,0.8,1,1,5.7,6.4,6.6,6.2,7.2,7.6,7.2,6,5.7,5.8,4,2.9,1.8,1.3
E07000012,South Cambridgeshire,5.8,6.8,6.9,1.3,1.2,1.2,1.2,0.8,0.7,0.7,0.9,0.9,1,4.8,5.7,6.5,7.3,7.6,7.5,6.9,5.8,5,5.3,3.4,2.5,1.4,0.7,5.6,6.4,6.3,1.2,1.2,1.1,1.1,0.7,0.6,0.6,0.7,0.9,0.9,4.4,5.8,6.9,7.2,7.6,7.5,6.8,5.5,5.3,5.5,3.9,2.9,2,1.4
E07000066,Basildon,7.3,7.1,6.7,1.2,1.2,1.2,1.1,1.1,1,1,1.1,1.2,1.2,6.4,7,6.6,6.4,6.7,7.1,6.4,5.4,4.4,4.5,2.9,2.1,1.2,0.5,6.5,6.5,5.9,1.1,1,1.1,1,0.8,0.9,1,1,1.2,1,6.5,7.2,7,6.3,6.6,7,6.4,5.3,4.7,4.9,3.4,2.8,1.8,1.1
E07000067,Braintree,5.9,6.6,6.5,1.1,1.2,1.2,1.2,0.9,1,1,1.1,1.1,1,5.5,5.8,6.2,5.9,7.3,7.7,7,5.9,5.4,5.5,3.7,2.5,1.3,0.7,5.3,5.8,6.1,1.1,1,1,1,0.8,0.6,0.8,0.9,0.9,1,5.5,6.3,6.3,6.1,7.1,7.7,7,6,5.6,6,3.9,2.8,1.9,1.4
E07000068,Brentwood,6.2,6.4,6.1,1.3,1.2,1.2,1.2,0.8,0.8,0.8,1,1,1.3,6,6,5.8,6.6,6.8,7.8,7.3,5.7,4.9,5.3,3.3,2.7,1.7,0.9,5.3,5.3,5.7,1.2,1.1,1.1,1,0.7,0.7,0.9,0.9,1.1,1,5.8,5.9,6.6,6.4,7,7.6,7.1,5.6,4.9,5.4,3.9,3.5,2.5,1.7
E07000069,Castle Point,5.3,5.7,5.7,1.2,1.2,1,1.2,1,1,1.1,1.1,1.3,1.2,5.8,5.5,5.1,5.2,6.3,7.5,7.1,6.3,6,7.1,4.7,3.2,1.7,0.7,4.6,5.4,5.3,1,1,1,1,0.9,0.9,0.9,1,1,0.9,5.2,5.3,5.5,5.3,6.4,7.2,6.8,6.2,6.6,7.6,5.4,4,2.4,1.2
E07000070,Chelmsford,6,6.5,6.4,1.2,1.2,1.1,1.1,0.9,0.9,0.9,1.1,1.1,1.2,6.3,6.6,6.6,6.6,7.3,7.2,6.6,5.5,4.8,5,3.2,2.5,1.5,0.6,5.4,5.9,5.8,1.1,1.1,1,1.1,0.8,0.8,0.9,1,1.1,1.1,6,6.5,6.8,6.5,7,7.2,6.5,5.6,5,5.7,3.8,3,1.9,1.2
E07000071,Colchester,6,6.5,5.9,1,1,1,1.2,1.8,2,1.9,1.7,1.6,1.4,8,6.8,6.5,6.2,6.5,6.6,5.9,4.7,4.3,4.6,3,2.2,1.2,0.5,5.7,6,5.5,1.1,1,0.9,1.1,1.5,1.8,1.5,1.4,1.3,1.2,7.6,7.1,6.6,6,6.3,6.7,6,5,4.8,5.2,3.5,2.5,1.7,1
E07000072,Epping Forest,6.5,6.4,6.2,1.1,1.1,1.1,1.1,0.9,0.9,1,1.1,1.2,1.2,6.2,5.8,6.3,6.2,6.9,7.5,7.1,5.8,5,5.1,3.4,2.6,1.5,0.8,5.7,5.8,5.3,1.1,1,1,1,0.8,0.7,0.8,1,1,1.1,5.8,6.3,6.7,6.4,7,7.8,7.1,5.7,5.1,5.3,3.8,3.1,2.2,1.5
E07000073,Harlow,7.8,8,6.9,1.2,1.1,1.2,1,1,1.1,1.2,1,1.1,1.3,6.2,7.6,7.5,6.5,6.1,6.7,6.4,5.2,4.1,3.6,2.4,1.9,1.2,0.5,7.1,7.4,6,1.1,1,1,1,0.7,0.8,0.9,1,1.1,1.1,6.7,7.8,7.6,6.4,6.2,6.6,6.2,5.4,4.4,4,3,2.6,1.9,1.1
E07000074,Maldon,4.8,5.5,5.7,1.1,1.1,1.1,1,0.9,1,1,1,1.1,1,4.7,4.5,4.5,5.3,6.7,8.4,7.9,7.3,6.9,7.3,4.7,3.2,1.7,0.6,4.3,5,5.3,0.9,1.1,1,1,0.7,0.9,0.7,0.9,0.9,0.9,4.4,4.6,5,5.6,7.4,8.4,7.7,7.1,6.7,7.5,4.8,3.5,2.2,1.5
E07000075,Rochford,4.9,5.9,6.2,1.2,1.1,1.1,1.1,0.9,0.9,1.1,1.2,1,1.2,5.6,5.4,5.4,5.8,7.1,7.7,7.2,6.3,5.6,6.4,4.1,3,1.8,0.7,4.6,5.2,5.5,1.1,1,1,1,0.9,0.8,0.9,0.9,1,1.1,5.1,5.1,5.7,5.9,7.2,7.7,7.2,6.1,6,6.8,4.7,3.7,2.2,1.4
E07000076,Tendring,5.1,5.7,5.4,1.2,1,1,1.1,0.9,1,1,1,1.1,1.1,5.1,4.5,4.3,4.3,5.7,7,7.2,7,7.1,8.2,5.8,4,2.1,1,4.5,5.1,5,0.9,0.9,0.8,0.9,0.8,0.7,0.8,0.9,0.9,0.8,4.7,4.5,4.4,4.7,5.8,7,7.4,7.1,7.5,8.7,5.9,4.3,2.9,1.9
E07000077,Uttlesford,6,6.8,6.6,1.3,1.3,1.3,1.2,0.9,0.7,0.9,1,1,1,5,5.2,5.8,6.3,7.5,8.1,7.4,6.1,5.2,5.3,3.6,2.4,1.4,0.6,5.6,6.1,6.1,1.3,1.2,1.3,1.1,0.6,0.6,0.7,0.9,0.9,1,4.7,5.6,6.4,6.6,7.6,7.9,7.4,6,5.2,5.4,3.8,2.7,2,1.6
E07000095,Broxbourne,6.9,7,6.6,1.1,1.3,1.3,1.2,1,1,1.1,1.2,1.2,1.2,6.4,6.4,6.5,6.4,6.4,7.4,6.5,5.3,4.3,4.6,3.2,2.5,1.4,0.6,6.2,6.3,5.8,1.1,1,1,1,0.8,0.8,0.9,1,1,1.1,5.9,6.8,7.3,6.3,6.9,7.5,6.6,5.4,4.5,4.9,3.5,3.1,2,1.1
E07000096,Dacorum,6.7,7.1,6.6,1.2,1.1,1.2,1.2,0.8,0.6,0.9,1,1.1,1.1,5.8,6.5,7.1,7,7.2,7.1,6.9,5.8,4.7,4.3,2.8,2.1,1.3,0.6,6.1,6.4,5.9,1.1,1.1,1.1,1.2,0.6,0.6,0.7,0.9,1,1,5.7,7,7.5,7,7,7,6.7,5.8,4.7,4.7,3.3,2.7,2,1.3
E07000242,East Hertfordshire,6,6.7,6.7,1.4,1.2,1.3,1.2,0.9,0.8,0.8,0.9,1,1.1,5.2,5.7,6.4,6.8,7.7,8.1,7.3,5.9,4.7,4.8,3.2,2.3,1.3,0.6,5.3,6.1,6.2,1.2,1.1,1.2,1.1,0.7,0.6,0.7,1,1,1,5.4,6.1,6.7,7.1,7.7,8,7.1,5.5,4.9,5,3.5,2.8,1.9,1.2
E07000098,Hertsmere,6.8,7.2,7.3,1.4,1.3,1.4,1.3,0.8,0.7,0.8,1.1,1.2,1.2,5.6,5.9,6.5,6.6,6.7,7.2,6.6,5.6,4.5,4.7,3.1,2.4,1.4,0.8,6,6.7,6.3,1.2,1.2,1.1,1.1,0.6,0.7,0.8,1,1,1.2,5.4,6.1,7.1,6.7,6.9,7.2,6.6,5.3,4.7,5,3.6,2.9,2.1,1.5
E07000099,North Hertfordshire,6.1,6.9,6.2,1.2,1.1,1.1,1.1,0.7,0.8,0.8,1,1,1.1,5.7,6.1,6.9,7.1,7.4,7.4,6.9,5.6,4.9,4.7,3.4,2.6,1.5,0.6,5.6,6.3,5.9,1.1,1,1,1,0.7,0.7,0.6,0.9,1,1,5.3,6.2,7.5,6.9,7.3,7.4,6.5,5.4,5,5.1,3.8,3.1,2.2,1.4
E07000240,St Albans,6.6,7.8,7.8,1.4,1.3,1.3,1.2,0.7,0.5,0.7,0.8,1,1,4.8,5.6,6.7,7.9,8,7.6,6.5,4.9,4.3,4.1,2.9,2.3,1.5,0.7,6,7,7,1.3,1.2,1.1,1.1,0.5,0.4,0.6,0.8,1,1,4.9,6,7.3,7.9,7.7,7.3,6.3,5,4.5,4.6,3.3,2.7,1.9,1.4
E07000243,Stevenage,6.9,7.2,6.5,1.2,1.2,1.1,1.1,1.1,0.9,1,1.2,1.3,1.3,7.1,7.7,7.3,6.2,6.3,7.2,6.8,5.7,4.1,3.7,2.5,1.9,1.1,0.5,6.3,6.8,5.7,1.1,1,1,0.9,0.8,0.7,1,0.9,1.3,1.2,6.8,8.1,7.4,6.4,6.5,7.2,6.7,5.3,4.1,4,2.9,2.7,1.9,1.2
E07000102,Three Rivers,6,7.1,7.1,1.3,1.3,1.1,1.3,0.9,0.8,0.9,1,1.1,1,5.6,5.4,6.6,7.4,7.3,7.6,7,5.5,4.7,4.6,3.1,2.3,1.4,0.7,5.4,6.6,6.3,1.3,1.2,1.1,1.1,0.6,0.6,0.7,0.9,1,1,5.5,5.6,7.5,7,7.3,7.5,6.8,5.5,4.8,4.9,3.5,2.9,2,1.4
E07000103,Watford,7.4,7.3,6.9,1.3,1.2,1.2,1.2,0.9,0.9,1,1,1.1,1.2,6.5,8.1,8.6,8,7.3,6.6,5.8,4.5,3.5,3.2,2.2,1.7,1.1,0.4,6.9,7.3,6.5,1.1,1.1,1,1,0.8,0.8,0.8,1.2,1.1,1.1,6.9,8.3,9.1,7.4,7,6.4,5.4,4.4,3.8,3.5,2.6,2.3,1.4,1
E07000241,Welwyn Hatfield,5.9,6.6,6,1.1,0.9,1.1,1.1,1.7,2.1,2.2,2.1,1.8,1.7,8.7,7.1,6.8,6,6,6.1,5.9,4.9,4,3.6,2.5,2,1.4,0.6,5.5,6.2,5.5,1,1.1,1,1.2,1.9,2.3,2.2,2,1.8,1.8,7.4,7,6.8,5.9,5.9,6.1,5.9,4.7,3.9,3.9,3.1,2.6,1.9,1.4
E07000143,Breckland,5.5,5.9,5.8,1,1,0.9,1,0.9,0.9,1,1,1.1,1.2,5.7,6,5.6,5,6.3,7,7.2,6.3,6.2,6.8,4.7,3.3,1.8,0.8,5,5.6,5.1,0.9,0.9,1,0.9,0.8,0.7,0.8,0.9,1.1,1,5.2,5.8,5.4,5.2,6.4,7.2,7.1,6.5,6.6,7.1,4.8,3.7,2.5,1.8
E07000144,Broadland,4.9,5.7,5.8,1,1.1,1,1.1,0.8,0.8,0.8,0.9,1,1,4.9,5.2,5.4,5.7,7,7.7,7.3,6.5,6.3,6.9,4.8,3.5,2,0.8,4.3,5,5.2,1,1,1,1,0.7,0.7,0.7,0.9,0.9,0.9,4.7,5.3,5.6,5.7,6.9,7.6,7.2,6.6,6.6,7.2,5,4,2.7,1.8
E07000145,Great Yarmouth,5.7,6.1,5.8,1,1.1,1.1,1.1,1.1,1,1.1,1,1.3,1.2,5.7,5.9,5.6,5,5.9,6.7,6.9,6.4,6.4,6.9,4.7,2.9,1.7,0.8,5.1,5.6,5.4,1.1,1,1,1,0.9,1,0.8,1.1,1.2,1.1,5.1,5.6,5.4,4.8,6.1,7.4,7.2,6.5,6.5,6.8,4.9,3.4,2.4,1.7
E07000146,King's Lynn and West Norfolk,5.6,5.9,5.7,1.1,1,1,1,0.9,0.8,1,0.9,0.9,1,5.3,5.7,5.3,5.1,6,7.2,7.3,6.4,6.5,7.1,5,3.5,1.9,0.8,5,5.8,5.1,1,0.9,0.9,1,0.7,0.7,0.8,0.8,0.9,1,4.5,5.5,5.4,4.9,6.3,7,7.2,6.9,6.8,7.4,5.3,3.9,2.5,1.5
E07000147,North Norfolk,4,4.8,4.9,1,1,0.9,0.9,0.7,0.7,0.8,0.9,1,0.9,4.3,4.4,4.5,4.4,5.7,6.8,7.6,7.9,8.4,9.2,6.1,4.5,2.6,1.1,3.6,4.4,4.3,0.8,0.8,0.8,0.8,0.7,0.6,0.6,0.8,0.9,0.9,3.9,4.4,4.4,4.2,5.7,7,8,8,8.4,8.9,6.4,5,3.3,2.5
E07000148,Norwich,5.5,5.9,5.2,0.9,0.9,0.9,1.2,2.5,2.7,2.7,2.3,2,1.9,10.1,8.1,7.1,5.3,5.9,5.9,5.3,4.2,3.8,3.6,2.6,1.9,1.1,0.7,5.3,5.4,4.9,0.8,0.8,0.8,1.3,2.9,3.4,3.1,2.6,2.1,1.8,9.1,7.4,6.4,5.2,5.3,5.5,4.9,4.5,4.1,4.1,3,2.3,1.8,1.2
E07000149,South Norfolk,5.5,6,6.3,1.3,1.1,1.1,1.1,0.9,0.8,0.8,1,0.9,1,4.8,5,5.8,6,7,7.3,7,6.1,6.1,6.6,4.6,3.3,1.7,0.8,4.9,5.8,5.5,1,1,1,1.1,0.7,0.6,0.7,0.8,0.9,1,4.9,5.5,6.1,5.8,7,7.3,7.1,6.4,6.1,6.7,4.7,3.5,2.4,1.5
E07000200,Babergh,4.7,5.7,6.1,1.2,1.1,1,1,0.9,0.9,0.8,1,1,1,4.6,4.7,4.9,5.3,7,7.8,7.6,6.5,6.6,7.2,5,3.5,1.9,0.9,4.3,5.2,5.5,1.3,1.1,1.1,1,0.8,0.7,0.8,0.8,0.9,0.9,4.4,4.7,5.2,5.3,6.8,7.8,7.3,6.8,6.8,7.5,5.2,3.7,2.5,1.9
E07000244,East Suffolk,4.8,5.7,5.9,1.1,1.1,1.1,1,0.9,0.9,0.8,1,1,1,5.1,4.8,4.8,5,6.4,7.3,7.3,6.8,6.8,7.6,5.1,3.6,2.1,1,4.3,5.2,5.5,1.1,1,1,1,0.8,0.6,0.8,0.9,0.8,0.9,4.5,4.8,4.9,5,6.4,7.3,7.4,6.9,7,7.6,5.3,4.1,2.8,1.9
E07000202,Ipswich,6.7,6.7,6.3,1.2,1.1,1.1,1.2,1.1,1.1,1.1,1.2,1.3,1.4,7.1,7.8,7.5,6.2,6.5,6.8,5.9,5.3,4.5,4.2,2.7,2.1,1.2,0.7,6.6,6.6,5.7,1,1,1,1,1.1,0.9,0.9,1.1,1.1,1.4,7.3,7.6,7,6.1,6.5,6.4,6.1,5.4,5,4.4,3,2.7,1.8,1.3
E07000203,Mid Suffolk,4.5,5.6,6,1.3,1,1.1,1.1,0.9,0.8,0.9,0.9,1.1,1,5.3,5.4,5.6,5.2,6.8,7.8,7.6,6.7,6.7,6.9,4.7,3,1.5,0.8,4.2,5.2,5.7,1.1,1.1,1,0.9,0.7,0.7,0.7,0.8,0.9,0.9,4.9,5.4,5.5,5.5,6.7,8,7.4,6.9,6.7,6.9,4.7,3.4,2.3,1.5
E07000245,West Suffolk,6.2,6.8,5.8,1.1,1,1,1,0.8,0.9,1.1,1.2,1.2,1.3,7,7.4,6.7,5.4,6.1,6.7,6.5,5.3,5.2,5.5,3.7,2.8,1.5,0.8,6,6.2,5.6,1.1,1,0.9,0.9,0.7,0.7,0.9,1.1,1,1.2,6.1,6.7,6.2,5.3,6.1,7,6.5,5.7,5.5,6.2,4.3,3.2,2.1,1.6
E09000007,Camden,5.3,5.9,5.4,1,1,1,1.1,1.5,1.5,1.5,1.7,1.8,1.9,11,10.8,9,6.9,6.3,5.8,4.8,4,3.2,2.9,1.9,1.3,0.8,0.5,5.2,5.8,5.2,1,1,1,1.1,1.5,1.6,1.7,1.7,1.9,2,10.9,9.7,7.6,6.7,6.5,5.9,4.8,3.9,3.5,3.4,2.4,1.8,1.2,0.9
E09000001,City of London,4.6,5.4,4,0.6,0.5,0.7,0.6,0.6,1,1.4,1.7,2.1,2.3,9.7,7.9,8.1,5.6,7,8,7,5.5,5,4,2.8,1.9,0.9,1.1,4.9,5.9,4.6,0.8,0.8,0.7,1.1,0.8,1.7,1.6,1.8,1.7,3.1,12.4,5.8,4.5,5.3,6.2,6.5,5.9,5.5,5.1,5.1,3,2.5,1.3,1.3
E09000012,Hackney,7.3,6.7,5.9,1.1,1.1,1,1,1,0.9,1,1.1,1.3,1.5,9.5,13.2,12.5,8,6,5.2,4.2,3.3,2.4,1.7,1.2,0.9,0.5,0.3,7.1,6.4,5.7,1,1,1,1,0.9,0.9,1,1.2,1.4,1.6,11.4,13.6,9.8,7.1,5.9,5.5,4.6,3.5,2.6,2.1,1.4,1.1,0.6,0.5
E09000013,Hammersmith and Fulham,6.2,6.3,5.5,0.8,0.8,0.9,0.9,0.9,1.3,1.5,1.7,1.5,1.8,10,10.6,9.3,8,7.1,6.3,5.2,3.7,2.9,2.6,1.9,1.2,0.7,0.4,5.9,5.9,5.1,0.9,0.9,0.8,0.9,0.8,1,1.4,1.8,2,2.2,10.2,9.6,7.8,7.2,7.2,6.5,5.5,4.2,3.6,3.2,2.2,1.7,1,0.6
E09000014,Haringey,6.7,6.4,6,1.1,1.1,1,1.1,1,1,1.1,1.3,1.4,1.4,8.6,9.8,10.1,8.6,7.3,6.7,5.2,3.8,3,2.4,1.6,1.3,0.7,0.3,6.6,6.4,5.8,1.2,1.1,1.1,1.1,0.9,1,1.1,1.3,1.4,1.5,8.4,8.7,8.8,7.8,6.9,6.8,5.9,4.5,3.6,3,2,1.6,1,0.5
E09000019,Islington,5.5,5.2,4.7,0.8,0.8,0.8,0.9,1.2,1.5,1.7,2.2,2.4,2.5,13.5,12.5,9.9,6.8,5.7,5.6,4.5,3.3,2.5,2.1,1.5,1,0.6,0.3,5.2,5.1,4.4,0.8,0.8,0.8,1,1.3,1.8,2,2.3,2.8,3,14.8,11.6,7.6,5.8,5.4,5.4,4.7,3.7,2.8,2.5,1.7,1.3,0.8,0.5
E09000020,Kensington and Chelsea,5.4,5.8,5.2,0.9,0.9,0.9,0.9,0.9,1.1,1.1,1.3,1.5,1.3,7.4,8.2,9.1,8.5,7.3,6.9,6.1,4.8,4,3.8,2.7,2.1,1.1,0.7,5.2,5.3,4.9,0.9,0.8,0.8,0.9,0.9,1,1,1.3,1.5,1.3,7.3,7.4,7.8,7.7,7.1,7.2,6.6,5.5,5,4.8,3.4,2.2,1.2,1
E09000022,Lambeth,5.8,5.7,5.2,0.9,0.9,0.9,0.9,0.8,0.8,0.9,1.3,1.6,1.9,12.1,14,10.8,7.2,6.3,5.9,5,3.5,2.5,1.9,1.3,1,0.6,0.3,5.5,5.4,5,0.9,0.9,0.9,0.9,0.7,0.8,1,1.4,2.1,2.6,14.1,12.4,8.4,6.5,5.8,5.9,5.4,3.9,2.8,2.2,1.7,1.3,0.8,0.6
E09000023,Lewisham,7.4,7,6,1,1,1,1,0.9,0.9,1,1.2,1.4,1.4,8.7,10.3,10.1,8.4,7.1,6.4,5.4,3.9,2.7,2.2,1.5,1.1,0.6,0.3,6.7,6.4,5.6,0.9,0.9,0.9,1,0.9,0.9,1.1,1.3,1.4,1.6,9.1,10.2,9.5,7.8,6.8,6.5,5.9,4.2,3,2.4,1.8,1.5,1,0.7
E09000025,Newham,7.4,7,5.9,1.1,1.1,1.1,1.1,1.2,1.2,1.3,1.5,1.7,1.7,10.9,13,10.5,7.1,6,5.2,4.3,3.3,2.3,1.6,1.1,0.9,0.5,0.2,8,7.5,6.3,1.2,1.3,1.1,1.2,1.1,1.2,1.3,1.5,1.7,1.9,9.9,9.8,8.9,6.6,5.9,5.7,4.9,3.9,3,2.1,1.6,1.2,0.7,0.4
E09000028,Southwark,6.5,6.3,5.4,0.9,0.9,0.9,0.9,1,1.1,1.1,1.4,1.5,1.7,11.1,12.4,9.8,7.5,6.5,6.2,5.4,3.9,2.6,2,1.3,0.9,0.5,0.3,6.1,6.2,5.1,0.9,0.9,0.8,0.9,1,1.2,1.3,1.5,1.7,1.9,12.1,11.6,8.6,6.9,6,6.2,5.6,4.1,2.8,2.3,1.7,1.3,0.8,0.6
E09000030,Tower Hamlets,6.7,6.5,5.6,1,1,1,1,1.2,1.3,1.4,1.6,1.8,1.9,12.1,13.7,10.9,7.9,6.1,4.9,3.8,2.9,2,1.4,0.9,0.7,0.4,0.2,6.9,6.8,5.8,1.1,1.1,1,1,1.3,1.5,1.6,1.9,2.1,2.2,12.8,13,9.6,7,5.2,4.3,3.5,2.9,2.4,1.7,1.2,0.9,0.6,0.4
E09000032,Wandsworth,7,6.4,5,0.8,0.8,0.8,0.8,0.8,0.8,1,1.1,1.4,1.7,10.7,12.7,11.4,8,6.4,5.5,4.7,3.5,2.6,2.4,1.5,1.2,0.6,0.3,6.1,5.7,4.4,0.7,0.7,0.7,0.8,0.7,0.9,1,1.2,1.7,2.4,13.6,12.6,10,7.2,6.1,5.5,4.4,3.4,3,2.5,1.9,1.5,0.9,0.6
E09000033,Westminster,5.2,5.7,4.9,0.9,0.8,0.9,1,1.2,1.2,1.2,1.4,1.5,1.7,9.7,10.4,10.4,8.2,6.9,6.4,5.1,3.9,3.3,2.9,2,1.5,0.9,0.5,5.2,5.9,5,0.9,1,0.9,1.1,1.1,1,1.2,1.4,1.7,1.9,9.3,9.5,8.5,7.2,6.5,6.4,5.6,4.8,4.2,3.4,2.4,2,1.2,0.8
E09000002,Barking and Dagenham,9.2,9.5,8.3,1.3,1.4,1.3,1.4,1.1,1.1,1.3,1.3,1.4,1.5,7.8,8.3,7.9,6.8,6.7,5.7,4.9,3.8,2.7,2.1,1.4,1.1,0.6,0.3,8.8,8.5,7.6,1.2,1.2,1.3,1.2,0.9,0.9,1.1,1.2,1.1,1.4,7.2,8.7,8.2,7.5,6.7,6.1,5,3.7,2.9,2.4,1.8,1.5,1,0.8
E09000003,Barnet,6.8,7.3,6.8,1.2,1.2,1.2,1.1,0.9,0.9,1,1.1,1.3,1.3,7.4,8.2,8.2,7.6,7,6.4,5.5,4.6,3.8,3.4,2.4,1.7,1.1,0.7,6.5,6.7,6.3,1.1,1.2,1,1,0.8,0.8,1,1.1,1.2,1.2,6.9,7.9,7.9,7.3,6.9,6.7,5.8,4.8,4.2,3.9,2.8,2.3,1.6,1.2
E09000004,Bexley,6.8,7,6.9,1.3,1.2,1.3,1.3,1.1,1,1,1.1,1.2,1.2,6.9,6.8,7.1,6.6,6.6,6.9,6.6,5.3,4.1,4,2.7,2.2,1.2,0.6,5.9,6.4,6,1.1,1.1,1.1,1.1,0.9,0.9,1,1.1,1.1,1.2,6.7,7.3,7.2,6.5,6.7,7.2,6.4,5.1,4.2,4.3,3.4,2.9,1.9,1.4
E09000005,Brent,7.4,6.9,6,1.2,1.1,1.2,1.2,1.2,1.2,1.3,1.4,1.5,1.5,8.2,9.1,8.7,7,6.3,6.1,5.6,4.9,3.6,2.8,2,1.5,0.9,0.4,7.2,6.9,6,1.1,1.1,1.1,1.1,1.1,1.1,1.3,1.2,1.4,1.4,7.2,8.1,7.8,6.9,6.5,6.4,6.1,5.1,4,3.2,2.5,2,1.2,0.8
E09000006,Bromley,6.8,7.1,6.6,1.2,1.2,1.1,1.2,0.8,0.8,0.8,1,1.1,1,5.6,6.5,7.3,7.4,7.4,7.4,6.5,5.2,4.3,4.4,3,2.2,1.4,0.7,5.9,6.3,5.8,1.1,1,1,1,0.7,0.6,0.6,0.9,0.9,1,5.7,6.8,7.7,7.5,7.2,7.4,6.6,5.1,4.5,4.8,3.5,2.9,2,1.3
E09000008,Croydon,7.6,7.4,7,1.3,1.3,1.2,1.3,1,0.9,0.9,1.1,1.2,1.3,6.5,7.5,7.4,7.2,6.6,7,6.7,5,3.9,3.3,2.2,1.7,1,0.5,6.8,6.7,6.4,1.2,1.1,1.2,1.1,0.8,0.8,0.8,1,1.1,1.1,6.5,7.9,7.9,7.2,6.7,7.1,6.6,5.2,4.2,3.6,2.6,2.1,1.3,0.9
E09000009,Ealing,7.2,7.4,6.4,1.1,1.1,1.1,1.2,1.1,0.9,1,1,1.3,1.3,7.4,8.3,8.2,7.7,7.1,6.7,5.7,4.6,3.8,3,2.1,1.7,0.9,0.5,7,7,6.2,1.1,1.1,1.1,1,0.9,0.9,0.9,1,1.2,1.3,6.7,7.8,8.1,7.4,7.3,6.8,5.9,5,4.2,3.4,2.5,2.1,1.3,0.8
E09000010,Enfield,7.5,7.8,7.4,1.3,1.3,1.2,1.3,1.1,1,1,1.2,1.4,1.4,7.4,7.5,7.3,6.6,6.7,6.8,6,4.7,3.5,3.1,2.3,1.7,1,0.5,6.8,7,6.7,1.2,1.2,1.2,1.1,0.9,0.8,0.9,1,1.2,1.3,6.9,7.7,7.8,7.1,6.8,7,6.2,4.6,3.9,3.4,2.8,2.2,1.4,0.9
E09000011,Greenwich,7.5,7.3,6.3,1.1,1.1,1,1.1,1,1.1,1.1,1.2,1.5,1.4,8.4,9.6,9.1,8.4,6.9,6.1,5.3,4,3,2.7,1.6,1.2,0.7,0.3,7.5,7,6.3,1,1,1,1,1,1,1,1.2,1.4,1.4,8.3,9.3,8.9,7.7,6.6,6.3,5.4,4.1,3.3,2.9,2.1,1.6,1,0.7
E09000015,Harrow,7.2,6.9,6.3,1.3,1.3,1.3,1.1,0.8,0.9,1,1.1,1.2,1.3,7.1,8,7.6,7.3,6.5,6,6,5.3,4.4,3.6,2.6,2.1,1.3,0.7,7,6.7,5.9,1.2,1.1,1.1,1,0.7,0.7,0.9,1,1.1,1.2,6.4,7.3,7.7,6.9,6.6,6.6,6.3,5.6,4.6,4.2,3.1,2.5,1.7,1.1
E09000016,Havering,7.1,6.8,6.3,1.2,1.1,1.2,1.2,1,1.1,1.1,1.1,1.3,1.3,6.8,7,7.1,6.2,6.2,6.7,6.5,5.6,4.5,4.4,2.9,2.2,1.4,0.6,6.3,6.1,5.7,1.1,1.1,1,1,0.8,0.8,0.9,1.1,1.2,1.2,6.7,7.4,7,6.2,6.2,6.8,6.3,5.1,4.6,4.8,3.6,3.1,2.2,1.5
E09000017,Hillingdon,7.4,7.4,6.5,1.2,1.2,1.1,1.1,1.3,1.3,1.4,1.3,1.4,1.4,7.8,7.8,7.8,7.2,6.6,6.2,5.7,4.6,3.6,3.2,2.3,1.8,1,0.6,7,7,6.2,1.1,1.1,1.1,1.1,1.2,1.1,1.1,1.2,1.3,1.2,7,7.7,8.1,7.3,6.4,6.4,5.9,4.7,3.8,3.6,2.6,2.3,1.5,0.8
E09000018,Hounslow,7.4,7.4,6.2,1,1.1,1.1,1.1,1,1.1,1,1.2,1.2,1.3,7.4,8.8,9,8.2,7,6.4,5.5,4.5,3.7,2.9,2,1.5,0.8,0.3,7.3,7.3,6.2,1.1,1.1,1,1,0.9,0.9,1,1,1.2,1.3,7.2,8.1,8.9,7.6,6.8,6.3,5.6,4.7,4,3.4,2.4,1.9,1.2,0.7
E09000021,Kingston upon Thames,6.5,6.9,6.2,1.1,1,1,1.1,0.9,1.1,1.3,1.3,1.4,1.6,7.6,8,8.3,7.7,7.5,6.6,5.6,4.6,3.8,3.4,2.3,1.6,0.9,0.6,6,6.6,6.1,1.1,1.1,1,1,1.1,1.3,1.4,1.4,1.3,1.4,6.6,7.7,8.3,7.6,7.2,6.5,5.6,4.5,3.9,3.8,2.6,2,1.5,1.2
E09000024,Merton,7.4,7.3,6.2,1.1,1,1,1,0.8,0.7,0.8,1,1.3,1.3,7.3,8.7,9.4,8.5,6.9,6.6,5.7,4.4,3.5,3,2.1,1.6,0.9,0.4,6.8,6.7,5.6,1,0.9,0.9,0.9,0.7,0.6,0.9,1,1.2,1.3,7.3,8.3,9.6,8,7,6.8,5.9,4.6,3.9,3.4,2.4,2,1.3,0.9
E09000026,Redbridge,7.5,7.2,6.9,1.3,1.3,1.4,1.3,1,1,1.1,1.2,1.3,1.4,7.8,8.3,8.5,7.5,6.6,6,5.3,4.5,3.6,2.9,2,1.5,0.9,0.5,7.3,7,6.6,1.3,1.2,1.2,1.2,0.9,0.9,1.1,1.2,1.2,1.4,7.2,7.7,8.1,7.5,6.6,6.3,5.7,4.6,3.9,3.3,2.4,2,1.3,1
E09000027,Richmond upon Thames,6.6,7.4,6.8,1.2,1.1,1.1,1,0.7,0.7,0.8,0.9,1,1,4.7,6,7.7,8.7,8.5,7.6,6.6,5.1,4.4,4.1,2.7,1.8,1.1,0.5,5.9,6.8,6.2,1,1.1,0.9,1,0.7,0.6,0.8,0.7,0.9,0.8,5.1,6.3,8.4,8.4,8.3,7.4,6.4,5.1,4.5,4.5,3,2.3,1.5,1.3
E09000029,Sutton,7,7.5,6.7,1.2,1.2,1.1,1.2,0.9,0.8,0.9,1,1.1,1.1,5.6,6.4,8,8,7.6,7.3,6.2,5.1,4,3.8,2.5,1.9,1.1,0.6,6.2,6.6,6.2,1.2,1.1,1,1,0.7,0.7,0.8,0.9,1,1.1,5.6,7.4,8.7,7.7,7.4,7.2,6.2,4.7,4.1,4.2,3,2.4,1.6,1.1
E09000031,Waltham Forest,7.9,7.2,6.2,1.1,1.2,1,1.1,0.9,1,1,1.1,1.3,1.4,8.2,10.2,9.6,7.8,7,6.2,5.1,3.9,2.9,2.5,1.7,1.3,0.7,0.4,7.7,6.9,5.9,1.1,1.1,1,1,0.9,0.8,0.9,1.1,1.2,1.3,7.6,9.6,9.5,7.4,6.6,6.5,5.4,4.4,3.5,2.9,2,1.7,1.1,0.8
E06000036,Bracknell Forest,6.2,7,6.9,1.3,1.4,1.3,1.3,1,1,1,1,1.4,1.1,5.9,6.9,7.3,6.9,7.6,7.5,6.8,5.5,4.4,3.8,2.4,1.8,0.9,0.5,5.7,6.4,6.5,1.3,1.2,1.1,1.1,0.8,0.8,0.9,1,1.1,1.2,5.9,7.2,8,7.2,7.3,7.4,6.9,5.3,4.3,4.2,2.7,2.2,1.3,0.9
E06000043,Brighton and Hove,4.7,5,5,1,1,1,1.2,1.8,2.3,2.4,2.4,2.3,2,10.3,7.9,7.1,6.4,7,7,5.7,4.3,3.5,3.4,2.2,1.6,1,0.6,4.5,4.9,4.8,0.9,0.9,0.9,1.2,2.3,2.8,2.8,2.6,2,1.8,9.4,7,6.6,6.3,6.7,6.9,5.9,4.3,3.7,3.5,2.6,2.1,1.5,1.1
E06000046,Isle of Wight,4.6,5.3,5.4,1.1,1.1,0.9,1.1,0.9,0.9,0.9,1.1,1,1,5.1,4.9,4.8,4.9,6,7.4,7.4,7.3,7.2,8,5.4,3.4,1.9,1,4.2,4.8,4.7,0.9,0.9,0.9,0.9,0.8,0.8,0.7,0.9,0.9,0.9,4.5,4.6,4.7,4.8,6.5,7.7,7.7,7.4,7.5,8,5.6,4,2.7,1.9
E06000035,Medway,6.8,7.1,6.6,1.2,1.2,1.2,1.2,1.2,1.2,1.2,1.3,1.2,1.2,7.1,7.1,6.6,6.2,6.6,7,6.4,5.3,4.5,4.4,2.8,1.9,1,0.4,6.4,6.6,6.1,1.2,1.1,1.1,1,1,1.1,1.1,1.1,1.1,1.3,7.1,7.1,6.8,6.2,6.5,6.9,6.5,5.3,4.6,4.7,3.1,2.4,1.4,0.9
E06000042,Milton Keynes,7.1,8.1,7.4,1.3,1.2,1.2,1.2,0.9,0.8,0.9,1,1.2,1.2,5.9,6.9,8.2,7.9,7.2,6.7,5.9,5,4.3,3.6,2.3,1.5,0.8,0.4,6.7,7.5,7,1.2,1.1,1.1,1,0.7,0.6,0.7,0.9,1,1.1,5.9,7.4,8.3,7.5,7,6.6,6,5.2,4.6,4,2.7,2,1.3,0.8
E06000044,Portsmouth,5.6,6.1,5.7,1,1,1,1.2,2.5,2.9,3,2.4,2.1,1.8,9.6,7.3,6.6,5.5,6,5.9,5.7,4.5,3.6,3.6,2.3,1.7,0.9,0.5,5.7,6,5.5,1.1,0.9,0.9,1.2,2.3,2.4,2.4,2.1,1.6,1.6,8.3,7.1,6.5,5.4,6,6.3,5.9,4.7,3.9,4.1,2.8,2.3,1.5,1
E06000038,Reading,7.2,6.9,6.2,1,1,1,1.1,1.6,1.7,1.7,1.7,1.6,1.6,8.8,7.9,8.1,7.1,6.6,6.2,5.4,4.3,3.3,3,2.1,1.6,0.9,0.5,6.8,6.8,5.9,1,1,0.9,1.1,1.8,2.1,2,1.6,1.6,1.5,8.5,7.2,7.8,6.7,6.2,6.2,5.3,4.2,3.5,3.4,2.6,2,1.4,0.9
E06000039,Slough,8.6,8.8,7.9,1.3,1.3,1.1,1.2,1,0.9,1,1.1,1.2,1.3,6.1,7.3,9.3,8.8,7.2,6.2,5,4.1,3.4,2.2,1.7,1.2,0.7,0.3,8.3,8.7,7.9,1.3,1.2,1.2,1.1,0.9,0.8,0.9,1,1.1,1,6.1,8.3,9.5,8,6.3,6,5.1,4.3,3.2,2.6,1.9,1.5,1,0.7
E06000045,Southampton,6.1,6.2,5.4,1,0.9,0.9,1.1,2.4,2.9,3,2.8,2.2,2.1,10.9,7.4,6.7,5.7,5.6,5.4,5.2,4.4,3.5,3.3,2.2,1.5,0.9,0.4,6.1,6.1,5.2,0.9,0.9,0.9,1.2,2.3,2.8,2.7,2.5,2.1,2,9.4,7.1,6.7,5.5,5.2,5.6,5.3,4.4,3.9,3.8,2.7,2.1,1.5,1
E06000037,West Berkshire,5.7,6.7,6.8,1.3,1.4,1.2,1.3,1,0.8,0.8,0.9,1,1.1,5.2,5.4,6,6.3,7.4,8.1,7.4,6.2,5.2,5.2,3.5,2.3,1.3,0.6,5.4,6.3,6.4,1.4,1.3,1.2,1.1,0.8,0.7,0.7,0.9,1,1,4.8,5.6,6.2,6.7,7.6,7.7,7.1,6,5.5,5.5,3.8,2.7,1.8,1.2
E06000040,Windsor and Maidenhead,6,6.6,7.2,1.6,1.4,1.5,1.3,0.9,0.7,0.8,0.8,0.9,1,4.9,5.8,6.7,7.1,7.5,7.8,7,5.4,4.5,4.7,3.2,2.5,1.4,0.9,5.4,6.3,6.3,1.2,1.2,1.1,1.2,0.7,0.6,0.7,0.9,1,1,4.8,5.8,7.1,7.2,7.6,7.6,6.6,5.2,4.8,5.1,3.8,3.1,2.1,1.6
E06000041,Wokingham,6,7.5,7.3,1.3,1.2,1.2,1.3,1,0.9,0.9,0.9,1,1.1,4.9,5.4,6.5,7.5,7.9,7.4,6.9,5.6,4.5,4.4,3.2,2.2,1.3,0.6,5.5,6.9,6.6,1.2,1.2,1.2,1.1,0.9,0.7,0.7,0.8,0.9,1,4.5,6.1,7.3,7.5,7.4,7.4,6.6,5.3,4.7,4.9,3.5,2.8,1.8,1.2
E06000060,Buckinghamshire,6.2,7.1,6.9,1.3,1.3,1.3,1.2,0.9,0.8,0.9,1,1.1,1.1,5.3,5.5,6.3,6.7,7.4,7.6,7,5.8,4.8,4.8,3.3,2.5,1.4,0.7,5.7,6.5,6.5,1.2,1.1,1.2,1.1,0.7,0.7,0.7,0.9,1,1.1,5.1,5.9,6.7,6.7,7.2,7.4,6.7,5.6,5,5.1,3.8,3,2,1.4
E07000061,Eastbourne,5.3,6.1,5.8,1.1,1.1,1,1.2,1.1,1.3,1.3,1,1.1,1.1,5.5,5.6,6,5.5,6.2,6.9,6.9,5.8,5.6,6.4,4.2,3.3,2.1,1.3,4.9,5.5,4.9,1.1,0.9,1,1.1,0.9,1.1,1,1.1,1,1,5,5.1,5.9,5.6,6.2,6.8,6.7,6.1,6.2,6.8,4.6,4.1,3,2.4
E07000062,Hastings,5.9,6.3,6,1.1,1.1,1.1,1.1,1,1,1,1.2,1.2,1.3,5.9,6,6.2,5.8,7,7.7,7.2,5.8,5.6,5.8,3.4,2.3,1.2,0.8,5.4,5.9,5.4,1,1,1,1.1,0.9,0.9,0.9,1.1,1.2,1,5.8,6.4,6,5.6,6.6,7.5,7.3,6.5,5.7,5.9,3.6,2.8,1.8,1.8
E07000063,Lewes,4.9,6,6.4,1.3,1.2,1.2,1.1,1,0.9,0.8,1,1,1,4.7,4.9,5.6,5.3,6.5,7.8,7.4,6.4,6.3,6.6,4.5,3.3,2,1.1,4.3,5.1,5.3,1,1.1,1,1.1,0.9,0.7,0.7,0.8,0.9,0.9,4.4,4.9,5.3,5.8,6.9,7.5,7.1,6.5,6.5,7,5.1,4.1,2.9,2.3
E07000064,Rother,4.4,5.4,5.4,1,1,1,1,0.8,0.7,0.9,0.9,1.1,0.9,4.6,4.3,4.2,4.2,5.8,7.3,7.7,7.2,7.7,8.7,5.9,4.2,2.3,1.3,3.6,4.6,4.9,0.8,0.9,0.8,1,0.6,0.6,0.7,0.8,0.7,0.8,4.1,4.1,4.4,4.4,5.9,7.3,7.5,7.5,7.8,9,6.3,4.9,3.3,2.7
E07000065,Wealden,4.9,5.8,6.2,1.2,1.1,1.2,1.1,0.9,0.8,0.9,0.8,1,0.9,4.7,4.5,5,5,6.7,7.9,7.8,7,6.4,7.1,4.9,3.3,1.9,1,4.3,5.2,5.4,1.1,1.1,1,1,0.7,0.6,0.7,0.8,0.8,0.9,4.3,4.6,5.2,5.4,6.9,7.7,7.6,7,6.6,7.5,5.1,3.9,2.6,1.9
E07000084,Basingstoke and Deane,6.2,7.2,6.3,1.1,1.1,1.1,1,1,1,0.9,1,1.2,1.1,5.5,6.5,6.8,6.8,7.3,7.9,7.2,5.5,4.7,4.7,3.2,2.1,1.2,0.6,5.8,6.5,5.9,1.1,1,1.1,1,0.8,0.8,0.8,1,1,1,5.6,6.7,7.3,6.8,7.2,7.6,6.8,5.5,4.9,5.2,3.5,2.6,1.6,1
E07000085,East Hampshire,5.1,6.3,6.3,1.4,1.2,1.3,1.2,0.9,0.8,0.9,1,1,1.1,4.7,4.6,4.9,5.5,7.3,7.6,8,6.8,5.9,6.3,4.3,3,1.8,0.9,4.6,5.6,6,1.1,1.1,1.2,1.1,0.7,0.6,0.7,0.9,0.9,1,4.5,4.6,5.3,6.2,7.2,8,7.8,6.5,5.7,6.5,4.7,3.5,2.4,1.7
E07000086,Eastleigh,5.8,6.7,6.5,1.3,1.2,1.1,1.1,0.9,0.9,1,1,1.1,1.1,5.9,6.4,6.5,6.3,7,7.2,6.8,6,5.1,5.2,3.5,2.4,1.4,0.8,5.4,6,5.8,1.1,1,1,1,0.8,0.7,0.8,0.9,1,1.1,6,6.8,6.8,6.5,6.8,7.1,6.8,5.7,5.3,5.3,3.8,3,2,1.3
E07000087,Fareham,4.9,5.7,5.8,1.2,1,1.2,1.2,1,1,1,1,1,1.2,5.5,5.6,5.9,5.4,6.9,7.5,7.6,6.6,5.4,6.4,4.2,3.1,1.9,0.8,4.4,5.4,5.2,1.1,1,1,1.1,0.8,0.7,0.8,0.8,0.9,1,4.8,5.7,5.7,5.8,7,7.8,7.4,6.3,6,6.5,4.9,3.7,2.6,1.7
E07000088,Gosport,5.6,6.3,6.3,1.2,1.1,1.1,1.1,1.2,1.3,1.1,1.2,1.4,1.3,6.4,6.3,6.1,5.8,6.4,6.9,7.1,6.2,5.3,5.6,3.4,2.5,1.4,0.6,5.1,5.6,5.8,1,1.1,1.1,1.2,1,1,0.9,1,1.1,1.2,5.8,6.2,6.1,5.5,6.7,7.4,7.1,6.2,5.5,6.1,3.9,3.1,2.2,1.3
E07000089,Hart,5.8,6.8,6.9,1.2,1.2,1.3,1.3,0.8,0.8,0.8,0.9,1,1.2,4.6,6,6.1,7,7.9,7.8,7.2,5.4,4.6,5.1,3.6,2.5,1.4,0.7,5.3,6.4,6.4,1.2,1.1,1.1,1.1,0.5,0.6,0.6,0.8,0.8,0.8,4.5,5.4,6.6,7.1,7.9,7.7,6.8,5.5,5.1,5.8,4.3,3.1,1.9,1.4
E07000090,Havant,5.5,6.1,6.1,1.1,1.1,1.1,1.1,1.1,1.2,1,1.2,1.1,1.2,6.1,5.5,5.4,5,6.1,7.1,7.3,6.6,5.9,6.2,4.2,3,1.9,1,4.9,5.4,5.3,1.1,1,1,1,0.9,1,0.9,1,1.1,1,5.5,5.6,5.5,5.1,6.3,7.5,7.4,6.6,5.8,6.5,4.6,3.8,2.5,1.6
E07000091,New Forest,4.5,5.5,5.7,1.1,1,1.1,1.1,0.8,0.9,0.9,0.9,1,1,4.8,4.5,4.6,4.9,6.1,7.3,7.6,7,7,7.7,5.3,3.8,2.5,1.3,4.1,4.9,4.9,0.9,1,1,0.9,0.7,0.7,0.7,0.7,0.9,0.8,4.3,4.6,4.8,5.1,6.3,7.3,7.5,7,7.1,7.7,5.7,4.5,3.2,2.5
E07000092,Rushmoor,6.8,6.5,6,1.1,1,1.1,1.1,0.9,0.8,1.1,1.2,1.2,1.4,7.1,8,7.7,7,7.2,7.4,6.8,4.9,3.9,3.9,2.8,1.8,0.9,0.5,6.7,6.3,5.7,1.1,1,1,1,0.9,0.9,0.8,1.1,1.1,1.2,6.6,7.9,7.3,7.1,7.4,7.5,6.3,4.9,4.3,4.2,2.9,2.3,1.4,1.1
E07000093,Test Valley,6.1,6.4,6.1,1.1,1,1.1,1.1,0.9,0.7,0.7,1,1,0.9,5.1,5.7,5.8,6.1,7.2,7.8,7.3,6.4,5.4,5.8,4,3,1.5,0.7,5.2,6.1,5.6,1,1.1,1,1,0.7,0.7,0.7,0.8,0.9,0.9,5.2,5.7,6.1,6.1,7.3,7.5,7.3,6,5.7,6.1,4.3,3.2,2.2,1.5
E07000094,Winchester,5,6.4,6.7,1.3,1.3,1.3,1.4,1.7,1.6,1.5,1.2,1.1,1.1,4.7,4.8,5.3,6.1,6.9,7.3,7.1,6,5.3,5.6,3.8,2.8,1.7,0.9,4.8,5.7,5.9,1.1,1,1.1,1.3,1.9,1.9,1.7,1.2,0.8,0.8,5,4.7,5.5,6.2,6.8,7.1,6.8,5.8,5.4,5.8,4.2,3.2,2.3,1.8
E07000105,Ashford,6.4,7,6.9,1.4,1.2,1.3,1.2,0.9,0.8,0.8,1,1,1.1,5.8,5.8,5.8,6,6.8,7.9,7.1,5.5,5.1,5.4,3.6,2.3,1.2,0.6,5.8,6.5,6.3,1.2,1.2,1.1,1.1,0.8,0.9,0.9,1.1,0.9,1,5.6,6.2,6.2,6.1,7.2,7.4,6.6,5.5,5.1,5.7,4,2.7,1.8,1.2
E07000106,Canterbury,4.5,5.4,5.6,1.1,1.1,1.1,1.3,2.5,3,2.7,2.4,2,1.8,9.3,5.7,4.8,4.3,5.2,6.2,5.8,5.4,5.1,5.4,3.6,2.5,1.4,0.8,4.2,4.9,4.9,1,1,1,1.3,2.9,3.3,2.8,2.1,1.5,1.4,7.2,4.7,5,4.8,5.6,6.1,6,5.6,5.4,5.9,4.2,3.2,2.2,1.7
E07000107,Dartford,7.8,7.4,6.9,1.1,1.2,1.1,1,0.9,0.9,0.9,0.9,1.2,1.1,6.1,7.9,8.2,7.4,7.1,6.9,6.1,4.8,3.8,3.5,2.4,1.8,1.1,0.6,7,7.2,6.4,1.2,1,1,1,0.7,0.8,0.8,1,1.1,1.1,6.9,8.7,8.4,6.7,6.6,6.9,5.8,4.5,3.8,3.7,2.8,2.2,1.6,0.9
E07000108,Dover,5.3,6,5.9,1.1,1.1,1.1,1,0.9,1,1,1.1,1.1,1.2,5.4,5.7,5.4,5.2,6.5,7.6,7.3,6.9,6.3,6.7,4.2,2.9,1.5,0.8,4.8,5.3,5.7,1.1,1.1,1,1,0.8,0.8,0.8,1,1,1,5.5,5.4,5.7,5.1,6.5,7.4,7.4,7.1,6.4,6.8,4.5,3.3,2.2,1.6
E07000112,Folkestone and Hythe,5,5.8,5.7,1.1,1,1.1,1,0.9,0.9,0.9,1.1,1.1,1,5.6,5.6,5.4,5.4,6.8,7.6,7.4,6.4,6.4,7.1,4.4,2.9,1.6,0.9,4.5,5.6,5.2,0.9,1,0.9,0.9,0.8,0.7,0.8,0.9,0.9,0.9,5.2,5.4,5.7,5.3,6.5,7.5,7.3,6.7,6.7,7.2,4.7,3.5,2.3,1.9
E07000109,Gravesham,6.8,7.2,6.7,1.3,1.3,1.2,1.3,1.1,1,1.1,1,1,1.1,5.9,6.6,6.5,6.2,7.1,7.3,6.7,5.5,4.5,4.3,3.2,2.2,1.3,0.6,6.4,6.8,6.5,1.1,1.1,1.2,1,0.8,0.8,0.9,1,0.9,1.2,6.3,6.9,6.8,6.3,6.8,6.9,6.5,5.3,4.6,4.8,3.4,2.9,1.8,1.1
E07000110,Maidstone,6.5,6.8,6.4,1.2,1.2,1,1.1,0.9,0.9,1,1,1.2,1.1,6.3,6.4,6.4,6.1,6.8,7.5,6.7,5.5,4.8,5.3,3.4,2.4,1.3,0.5,6,6.1,5.8,1.1,1.1,1.1,1,0.7,0.7,0.9,1,1,1.1,5.8,6.6,6.8,6.1,6.9,7.3,6.6,5.6,5.1,5.4,3.8,3,2,1.3
E07000111,Sevenoaks,6,7.2,6.9,1.2,1.2,1.2,1.1,0.8,0.8,0.8,0.8,1,0.9,4.8,5.4,5.7,6.6,6.9,7.7,7.2,5.7,5.4,5.7,3.8,2.8,1.7,0.8,5.6,6.2,6.3,1.2,1.1,1.1,1,0.7,0.6,0.7,0.8,0.9,0.9,4.7,5.2,6.2,6.5,7.2,7.6,6.7,5.9,5.7,6,4.2,3.3,2.3,1.5
E07000113,Swale,6.4,7,6.6,1.2,1.1,1.2,1.1,1.1,1,1.2,1.2,1.2,1.2,6.3,6.1,6,5.6,6.5,7.2,6.8,6,5.3,5.4,3.5,2.3,1.1,0.5,5.9,6.4,6.1,1.1,1.1,1.1,1.1,0.9,0.9,1,1.1,1.1,1.1,5.8,6.3,6.5,5.8,6.5,7.4,6.9,5.7,5.3,5.8,3.8,2.7,1.8,1
E07000114,Thanet,6,6.6,6.6,1.2,1.2,1.2,1.1,1,1,1.1,1.1,1.1,1.1,5.7,5.3,5.4,5.2,6.2,6.8,6.8,6.3,6.3,6.6,4.3,2.8,1.5,0.7,5.2,5.8,5.6,1,1,1,1,0.8,0.8,1,1,1,0.9,5.1,5.7,5.9,5.4,6.2,7,6.8,6.4,6.4,6.8,4.7,3.5,2.3,1.6
E07000115,Tonbridge and Malling,6.3,7,7,1.4,1.5,1.4,1.2,0.9,0.8,0.9,1,1.1,0.9,5.2,5.5,5.9,6.4,7.5,7.6,7,5.7,4.9,5,3.4,2.5,1.3,0.5,5.7,6.2,6.3,1.2,1.1,1.2,1.2,0.8,0.7,0.9,0.9,0.9,1.1,5.5,5.8,6.7,6.6,7.5,7.5,6.7,5.4,4.8,5.3,4,2.9,1.8,1.1
E07000116,Tunbridge Wells,5.6,6.6,7.2,1.4,1.3,1.2,1.2,0.6,0.8,0.8,0.8,0.9,1.1,4.6,6,6.7,6.8,7.9,8.1,6.9,5.6,4.7,5,3.4,2.3,1.5,0.8,5.1,6.2,6.8,1.4,1.3,1.2,1.2,0.8,0.5,0.7,0.8,0.8,0.9,4.7,5.6,6.6,6.6,7.6,7.8,6.7,5.6,5.1,5.3,3.8,2.9,2.3,1.8
E07000177,Cherwell,6.6,6.8,6.3,1.1,1.1,1,1.1,1,0.8,0.9,1,1,1,5.8,6.7,7.3,6.4,6.9,7.4,7,5.7,4.7,4.7,3.3,2.3,1.3,0.6,6,6.1,6.2,1.1,1.2,1,1,0.7,0.7,0.7,0.9,1,1,5.4,6.8,7.2,6.5,7.1,7.4,6.8,5.6,5,5,3.6,2.9,1.8,1.2
E07000178,Oxford,5.5,5.8,5.7,1,1,0.9,1.3,3.2,3.8,4.2,3.3,2.8,2.8,12.1,5.9,6.1,5.3,4.8,5,4.6,3.8,3.2,3,2,1.5,0.9,0.5,5.3,5.8,5.5,1,1,0.9,1.4,3.5,4.3,3.9,3.1,2.4,2.5,9.3,5.1,6.3,5.1,5.2,5.2,5,4.1,3.6,3.3,2.6,2,1.4,1.1
E07000179,South Oxfordshire,5.9,6.6,6.3,1.2,1.1,1.1,1.1,0.9,0.7,0.8,0.9,1.2,1.1,5.3,5.9,6.1,6.2,7.2,7.7,7.2,5.8,5,5.4,3.8,2.9,1.6,0.7,5.3,6.1,6,1.1,1.1,1.1,1.1,0.7,0.6,0.6,0.8,0.9,0.8,4.6,5.3,6.4,6.5,7.5,7.9,7,5.9,5.4,5.8,4.5,3.3,2,1.5
E07000180,Vale of White Horse,6.1,6.5,6.1,1.4,1.3,1.3,1.1,0.9,0.8,0.8,1,1.1,1.2,5.6,6.5,6.4,6.5,6.8,7.3,6.8,5.7,5.1,5.3,3.6,2.6,1.5,0.7,5.6,6,5.8,1.1,1,0.9,1.1,0.9,0.7,0.7,0.9,0.9,1.1,5.3,6.5,6.7,6.5,6.8,7.1,6.8,5.8,5.3,5.5,4.1,3.2,2.1,1.5
E07000181,West Oxfordshire,5.4,6.5,6.1,1.2,1.1,1.1,1,0.8,0.7,0.8,1,1.1,1.1,5.8,6.4,6.3,5.8,7,7.2,7.1,6,5.3,5.5,3.9,2.8,1.6,1,5,6,5.6,1,1.1,1,1,0.8,0.6,0.7,0.9,0.9,1,4.9,5.8,6.2,6,7.1,7.5,7.3,6.1,5.8,6,4.4,3.3,2.4,1.6
E07000207,Elmbridge,6.8,8.1,7.5,1.3,1.2,1.4,1.2,0.7,0.6,0.6,0.8,0.9,0.9,3.9,4.3,6,8,8.2,8,7.1,5.3,4.5,4.6,3,2.4,1.5,1,6.2,7.4,6.4,1.3,1.1,1.2,1,0.5,0.5,0.7,0.7,0.9,0.8,3.7,4.7,7.1,7.9,7.9,7.8,7,5.3,4.8,4.9,3.6,2.9,2.1,1.7
E07000208,Epsom and Ewell,6.7,7.2,7,1.2,1.2,1.3,1.3,1,0.9,0.9,0.9,1,1.2,5.1,5.3,6.4,7.6,7.4,7.4,7,5.2,4.5,4.7,3.2,2.3,1.5,0.7,5.9,6.6,6.2,1,1.2,1.2,1.2,1.1,1,1,1,1,0.9,5,5.4,7.1,7.2,7.4,7.3,6.5,5.1,4.9,5,3.7,2.9,1.9,1.2
E07000209,Guildford,5.1,6,5.9,1.1,1,1,1.3,2.3,2.4,2,2,1.9,1.8,8.7,6.3,5.8,5.9,6.6,6.5,6.1,5,4.1,4.3,2.9,2.1,1.2,0.6,4.6,5.6,5.7,1.1,1.1,1,1.3,2.2,2.2,2.1,2,1.9,1.7,7.5,5.6,6.1,6.1,6.4,6.6,6.2,5.2,4.4,4.6,3.2,2.7,1.9,1.3
E07000210,Mole Valley,5,6.1,6.3,1.3,1.1,1.2,1.2,0.7,0.7,0.7,1,1.2,1.2,4.6,4.4,5.1,6.1,7.3,8.2,7.9,6.7,5.8,5.9,4.1,3.3,2,1,4.5,5.4,5.8,1.2,1.2,1.2,1,0.7,0.6,0.6,0.9,0.9,0.9,4.2,4.4,5.3,6.5,7.2,8,7.6,6.5,5.7,6.4,4.8,3.8,2.7,1.8
E07000211,Reigate and Banstead,6.5,7.1,6.7,1.2,1.2,1.1,1.1,0.7,0.7,0.8,1,1,1,5.5,6.1,6.8,7.4,7.5,7.5,7,5.4,4.5,4.6,3.1,2.3,1.3,0.8,6.2,6.6,5.9,1.1,1.2,1.1,1,0.7,0.6,0.7,0.9,1,0.9,5.2,6.2,7.3,7.4,7.1,7.2,6.6,5.3,4.8,4.9,3.5,2.7,2.2,1.6
E07000212,Runnymede,5.8,5.8,5.6,0.9,1,0.9,1.2,1.9,2.1,2,1.8,1.6,1.7,8.5,6.4,6.1,6.2,6.3,6.6,6.6,5.1,4.1,4.3,3.1,2.2,1.5,0.7,5.4,5.3,5.1,0.9,0.9,0.9,1.2,2.4,2.5,2.2,1.8,1.5,1.5,8.1,6.4,6.1,5.9,6.4,6.4,6.2,4.8,4.3,4.4,3.2,2.8,1.9,1.3
E07000213,Spelthorne,6.4,6.7,6.4,1.2,1.1,1,1,0.9,0.8,1,1.1,1,1.2,5.4,6,7.1,7,7.2,7.3,7.3,5.6,4.6,4.6,3.3,2.6,1.4,0.7,6.1,6.1,5.6,1,1,0.9,1,0.8,0.8,0.8,0.9,1,1.1,5.3,6.6,7.4,7.1,7.2,7.5,6.7,5.5,4.7,5,3.8,3.1,2,1.3
E07000214,Surrey Heath,5.6,6.4,6.7,1.3,1.3,1.2,1.2,0.8,0.8,0.9,1.1,1.2,1.1,5.2,5.3,6.3,6.6,7.9,7.9,7.3,5.9,4.6,5,3.7,2.6,1.5,0.7,5.1,6.1,6.1,1.2,1.1,1.2,1,0.7,0.7,0.7,1,1,1.1,4.8,5.4,6.4,6.7,7.8,7.7,7.2,5.8,4.9,5.2,4,3.2,2.4,1.4
E07000215,Tandridge,6.2,6.5,6.4,1.2,1.2,1.1,1.2,0.8,0.8,0.8,1,1.1,1,4.8,5.3,5.9,6.5,7.1,7.9,7.6,5.9,5.1,5.5,3.6,2.7,1.6,1,5.4,6,6,1.2,1.1,1.1,1.1,0.7,0.8,0.7,0.8,0.9,0.9,4.6,5.8,6.7,6.4,7.1,7.7,7.1,5.9,5.3,5.8,4.3,2.9,2.3,1.7
E07000216,Waverley,5.7,6.7,7.1,1.4,1.5,1.5,1.5,1,1.1,1.1,0.9,1.2,0.9,4.2,4.3,5.3,6.3,7.6,7.7,6.9,5.8,5,5.5,4,3,1.9,1,5.2,6.2,6.2,1.3,1.2,1.2,1.3,0.7,0.7,0.8,0.8,0.8,0.8,3.6,4.4,6.2,6.9,7.5,7.5,6.8,5.8,5.4,5.9,4.5,3.7,2.6,2
E07000217,Woking,6.8,7.5,6.9,1.1,1.1,1.2,1.1,0.7,0.7,0.8,0.9,0.9,1,4.9,6.2,7,8.4,7.5,7.3,6.3,5.5,4.6,4.3,2.9,2.2,1.3,0.8,6.4,6.9,6.4,1.2,1.1,1,1.1,0.6,0.6,0.7,0.8,0.9,0.9,5.1,6,7.8,7.7,7.4,7.2,6.4,5.2,4.6,4.5,3.3,2.7,2,1.4
E07000223,Adur,5.7,6.8,6.1,1.1,1.2,1.1,0.9,0.9,0.9,1,0.9,1,0.9,5,5.4,5.7,6.3,7.2,7.7,6.8,5.8,5.5,5.9,4.4,3,1.7,0.9,5.3,5.9,5.2,0.9,0.9,1,0.9,0.8,0.7,0.6,0.7,0.8,0.8,4.4,5.5,6.4,6.5,7.2,7.2,6.7,6,5.9,6.7,4.8,4,2.5,1.5
E07000224,Arun,5.2,5.8,5.5,1,1,0.9,0.9,0.8,0.9,0.9,1,1,1.1,5.2,5,5.1,5.1,6.1,7.2,6.9,6.4,6.6,7.7,5.4,3.9,2.3,1.1,4.5,4.9,4.7,0.9,0.9,0.9,0.9,0.7,0.8,0.8,0.8,0.8,0.9,4.5,5,5.3,5,6.2,7.1,7.1,6.8,7,8.1,5.8,4.6,3,2.2
E07000225,Chichester,4.9,5.8,5.8,1.1,1,1,1.1,1,1.2,1.3,1.1,1.1,1,5.2,4.5,4.7,4.8,6.1,7.3,7.4,6.9,6.5,6.9,5.2,3.6,2.3,1.1,4.4,5.1,5.2,0.9,0.9,0.9,0.9,1.1,1.2,1.1,0.9,0.8,0.7,4.3,4.3,5,5.1,6.3,7.1,7.5,7.1,6.7,7.5,5.5,4.2,3,2.1
E07000226,Crawley,7.3,7.8,6.6,1.2,1.2,1.2,1.2,0.9,0.9,1,1.2,1.2,1.2,6.5,7.7,8.5,7.4,7.2,6.8,6.1,5,3.9,3.2,2.1,1.5,0.9,0.6,6.7,7,6.3,1.1,1.1,1,1,0.9,0.8,0.8,0.9,1,1,6.9,8.2,8.4,7.2,6.7,6.5,6,5.2,4.1,3.8,2.4,2,1.8,1
E07000227,Horsham,5.4,6.2,6.4,1.2,1.2,1.1,1.2,0.9,0.8,0.7,0.9,0.9,1,5,5.1,5.6,5.9,7,7.9,7.7,6.3,5.9,6,4.2,2.9,1.7,0.8,4.8,5.5,5.9,1.1,1.1,1.1,1,0.7,0.6,0.7,0.8,0.9,1,4.7,5.2,5.9,6.3,7,8,7.5,6.4,5.9,6.1,4.5,3.5,2.4,1.6
E07000228,Mid Sussex,5.8,6.9,6.6,1.3,1.3,1.1,1.1,0.9,0.7,0.8,0.9,1,0.9,4.8,5.5,6.4,6.8,7.6,7.8,7,5.8,5.2,5.3,3.6,2.5,1.6,0.8,5.3,6.3,6.1,1.1,1.1,1.1,1,0.7,0.5,0.6,0.8,0.8,1,4.8,5.8,6.8,6.9,7.6,7.3,6.8,5.7,5.4,5.7,4.1,3.1,2.3,1.5
E07000229,Worthing,5.5,6.2,6.1,1.2,1,1.1,1.1,0.8,0.8,0.9,1,1.1,0.9,5.3,5.8,6.3,6.4,7.2,7.9,7,5.9,5.2,5.9,3.8,2.9,1.8,0.9,4.9,5.4,5.3,1,0.9,0.9,0.9,0.7,0.7,0.8,0.9,1,0.9,5,5.7,6.5,6.3,7.1,7.4,7,5.8,5.6,6.2,4.4,3.8,2.7,2
E06000022,Bath and North East Somerset,5,5.7,5.6,1,1.1,1,1.3,2.6,2.7,2.2,2.5,2.1,1.8,8.3,5.9,5.2,5,6,6.5,6,5.2,4.6,4.8,3.2,2.5,1.4,0.7,4.6,5.2,5.3,1,0.9,1,1.3,2.4,2.8,2.2,2.2,1.6,1.5,7.3,5.3,5.3,5.3,6.2,6.4,6.4,5.3,5.1,5.2,3.8,3.1,2.1,1.4
E06000058,"Bournemouth, Christchurch and Poole",5.2,6,5.6,1,1,1,1.1,1.5,1.6,1.5,1.5,1.3,1.1,6.1,6.1,6.7,6.2,6.6,7,6.5,5.5,5.1,5.5,3.7,2.9,1.7,0.9,5,5.5,5.2,1,1,0.9,1,1.3,1.5,1.5,1.3,1.1,1,5.5,6,6.5,5.8,6.3,6.7,6.5,5.7,5.6,5.9,4.2,3.5,2.7,1.8
E06000023,"Bristol, City of",6.3,6.2,5.4,1,1,0.9,1,1.7,2.2,2.2,2.2,2.1,2.1,11.3,9.5,7.5,6.1,5.4,5.4,4.7,4,3.5,3.2,2.2,1.6,0.9,0.5,5.9,6,5.3,0.9,0.9,0.9,1.1,1.9,2.4,2.4,2.2,2.1,2.2,10.7,8.5,7.1,5.5,5.4,5.3,5,4.2,3.7,3.4,2.5,2,1.5,1.1
E06000052,Cornwall,5.2,6,5.8,1.1,1.1,1.1,1.1,1.1,1.1,1.2,1.1,1.1,1.1,5.1,4.9,5.2,5.2,6.3,7.2,7.4,6.9,6.7,7.1,4.6,3,1.6,0.8,4.5,5.4,5.2,1,0.9,1,1,1,1,1,1,1,0.9,4.7,5,5.4,5.3,6.7,7.4,7.5,7,6.8,7.2,4.9,3.5,2.3,1.5
E06000059,Dorset,4.4,5.3,5.7,1.1,1.2,1.1,1.1,0.9,0.8,0.8,0.9,0.9,0.9,4.8,4.7,4.5,5,6.2,7.2,7.7,7.2,7.1,7.8,5.5,3.8,2.2,1.1,4,4.9,5.2,1,1,1,1,0.7,0.6,0.6,0.7,0.7,0.8,4,4.5,4.8,4.9,6.3,7.3,7.8,7.4,7.6,8.1,5.7,4.3,2.9,2
E06000053,Isles of Scilly,2.9,5.8,4.9,0.7,0.8,0.6,0.9,0.4,1.1,0.1,1.3,1.7,1.3,5.5,5.9,5.4,6.1,4.6,9,8.2,7.5,6.6,6.4,5.4,3.1,1.7,1.9,5.3,4.5,3.8,0.7,0.2,0.1,0.5,1.2,1.4,0,1.1,2,0.9,6.2,5.3,7.4,5.6,8,5.9,6.3,6.9,5.8,8.4,4.5,4,2,2.2
E06000024,North Somerset,5.6,6.4,6.2,1.2,1.1,1.1,1.1,0.9,0.9,0.8,0.9,1,1,4.8,5.3,5.9,6,7,7.4,7.1,6,5.8,6.5,4.5,3.1,1.7,0.8,5,5.8,5.4,1.1,1,1,1,0.8,0.7,0.7,0.9,0.9,1,4.6,5.4,6.1,6,6.8,7.3,6.8,6.1,6.1,6.8,4.7,3.7,2.5,1.7
E06000026,Plymouth,5.8,6.2,5.6,1.1,1,1,1.1,1.5,2,1.9,1.9,1.7,1.5,7.8,6.6,6.4,5.4,5.9,6.5,6.3,5.6,4.7,4.9,3.3,2.3,1.3,0.6,5.4,6,5.4,1,1,0.9,1.1,1.7,2.1,2,1.7,1.3,1.3,6.4,6.3,6.4,5.3,6.2,6.8,6.4,5.5,5.1,5.3,3.7,2.9,1.9,1.2
E06000025,South Gloucestershire,6,6.3,6,1.1,1,1,1.1,1.3,1.4,1.3,1.3,1.2,1.4,6.5,6.7,6.6,6.1,6.8,7.3,6.8,5.2,4.7,4.7,3.6,2.5,1.4,0.6,5.5,5.9,5.7,1,1,1,1.1,1.2,1.2,1,1.1,1.2,1.2,6.3,6.9,6.7,6,6.7,7.3,6.5,5.3,4.9,5.1,4,3,1.9,1.3
E06000030,Swindon,6.5,7,6.3,1.1,1.2,1.1,1.1,1,0.9,1,1,1.1,1,5.9,6.6,7.3,6.9,7.7,7.6,7,5.5,4.6,4.1,2.7,1.9,1.1,0.5,6.2,6.7,6,1.1,1.1,1,1.1,0.9,0.9,0.9,0.9,1,1.1,6,7.2,7.4,6.4,7.2,7.3,6.7,5.5,4.8,4.5,3.2,2.4,1.6,1
E06000027,Torbay,5.2,5.9,5.5,1,1.1,1,0.9,0.9,0.9,0.9,1,1.1,1,5.3,5.3,4.9,4.6,6.4,7.3,7.6,7,6.6,7.4,5,3.4,1.9,0.9,4.7,5.4,4.9,1,0.9,0.9,0.8,0.8,0.7,0.8,0.8,0.8,0.9,4.7,5.1,5.1,5,6.3,7.4,7.5,6.9,6.9,7.4,5.4,4,2.7,1.9
E06000054,Wiltshire,5.6,6.5,6.3,1.2,1.2,1.2,1.1,0.9,0.9,0.9,1,1,1,5.5,6,5.8,5.7,7,7.6,7.4,6.1,5.6,5.7,3.9,2.7,1.5,0.7,5.1,6,6,1.2,1.1,1.1,1.1,0.8,0.6,0.7,0.9,0.9,0.9,4.8,5.5,6,5.9,7.3,7.7,7.2,6.3,5.8,6,4.3,3.2,2.2,1.5
E07000040,East Devon,4.6,5.7,5.7,1,1,1,1.1,0.9,0.7,0.8,0.9,0.8,0.9,4.8,4.9,4.7,4.9,5.9,7.1,6.9,6.9,7.3,7.9,5.8,4,2.4,1.2,4.2,4.9,5,0.9,0.9,0.9,0.9,0.6,0.5,0.7,0.7,0.7,0.7,4,4.5,4.9,4.9,6.3,7.1,7.3,7.2,7.3,8.4,6,4.6,3.3,2.4
E07000041,Exeter,5,5.4,4.8,0.9,0.9,0.9,1.2,3.2,3.5,3,2.6,2.2,1.9,10.7,7.7,6.4,5.4,5.6,5.6,5.1,4.4,3.8,3.8,2.6,1.9,1,0.5,4.7,4.9,4.6,0.8,0.8,0.8,1.2,3.7,3.9,3.3,2.4,1.6,1.5,9.1,6.4,5.9,5.2,5.3,5.8,5.2,4.6,4.4,4.4,3.3,2.6,2,1.6
E07000042,Mid Devon,5.2,6.3,6.8,1.2,1.2,1.2,1.2,0.9,0.8,1,1,1.1,0.9,5,4.6,5.4,5.3,6.7,7.4,7.5,6.5,6.6,6.5,4.4,2.8,1.5,0.8,4.8,5.7,5.8,1.1,1.1,1,0.9,0.8,0.8,0.7,0.8,1,0.9,4.7,5.5,5.5,5.6,6.8,7.7,7.5,6.6,6.4,6.3,4.5,3.2,2.3,1.5
E07000043,North Devon,5.2,6.1,5.8,1.1,1.1,1.1,1.1,0.9,0.8,0.9,0.9,0.9,1,5.5,5.3,5.3,5.2,6.5,7.3,7.5,6.8,6.4,6.9,4.6,3.3,1.8,0.8,4.7,5.5,5.4,1.1,0.9,0.9,0.9,0.8,0.6,0.7,0.8,1.1,0.9,4.7,5,5.3,5.3,6.5,7.6,7.6,7,6.4,7.2,5.2,3.6,2.4,1.8
E07000044,South Hams,4.3,5.5,5.7,1.1,1.1,1,1.1,0.9,0.7,0.7,0.9,1.1,0.9,4.4,4.4,4.6,5,5.9,7.5,8.2,7.8,7.6,8,5.2,3.6,1.9,1,3.9,5,5.2,0.9,1.1,0.9,1,0.8,0.6,0.5,0.6,0.7,0.7,3.7,4.3,5,5.2,6.4,8,8.4,7.8,7.8,8.1,5.4,3.8,2.6,1.5
E07000045,Teignbridge,4.9,5.8,5.6,1,1.1,1,1.1,0.9,0.8,0.8,0.9,1,0.8,4.8,5.3,5.2,5.2,6.3,7.6,7.9,7,7,7.4,4.8,3,1.9,0.9,4.4,5,4.8,0.9,0.9,0.9,0.9,0.7,0.6,0.7,0.7,0.7,0.9,4.8,5.2,5.3,5.2,6.3,7.6,8,7.2,7.2,7.4,5.1,3.8,2.5,2.2
E07000046,Torridge,4.7,5.7,5.6,1.1,1.1,1,1,0.9,0.8,0.8,1,1,0.9,4.9,4.6,4.7,4.7,6,7.5,7.8,7.8,7.8,7.7,5.3,3.3,1.9,0.8,4.1,5.2,4.9,0.8,1.1,0.9,0.9,0.8,0.7,0.6,0.7,0.7,0.9,4.5,4.8,4.8,5.1,6.4,7.3,8.1,8,8,7.7,5.2,3.7,2.5,1.6
E07000047,West Devon,4.4,5.3,5.8,1.2,1,1.1,1,0.8,0.9,0.7,0.8,1,0.8,4.4,4.6,4.8,4.6,6.3,7.7,8.3,7.7,7.3,7.9,5.3,3.4,2,0.9,3.9,5,5.3,1,1,0.9,1,0.6,0.6,0.6,0.7,0.7,0.8,3.8,4.5,5,5,6.3,8,8.6,7.6,7.5,8,5.3,3.9,2.6,1.9
E07000078,Cheltenham,5.5,5.9,5.8,1.2,1.1,1.1,1.1,1.3,1.4,1.5,1.3,1.2,1.1,6.6,6.9,7.2,6.2,6.5,7.1,6.6,5.4,4.8,4.8,3.2,2.6,1.5,0.8,5.1,5.5,5.4,1.2,1.2,1.1,1.2,1.2,1.4,1.4,1.4,1.3,1.3,6.2,6.5,6.5,5.7,6.2,6.6,6.6,5.3,5.2,5.3,4,3.2,2.3,1.6
E07000079,Cotswold,5,5.6,5.6,1.1,1.1,0.9,1.1,0.9,1,1,1,1,0.9,4.6,4.4,5,5.3,7.1,8.1,7.7,7.1,6.8,6.7,4.9,3.3,1.9,0.9,4.4,5,5.3,1.1,1,0.9,1,0.7,0.9,0.9,0.8,0.8,0.8,4,4.7,5.3,5.7,7,7.9,8,6.8,6.8,7,5.1,3.8,2.6,1.7
E07000080,Forest of Dean,5.1,5.4,5.4,1,1,1.3,1.3,1.1,1,1.2,1.1,1.1,1.1,5.2,4.7,4.6,5,6.6,8.1,7.8,6.9,7,6.8,4.9,3,1.5,0.6,4.5,5.3,5.1,1.1,1,1.3,1.2,1.2,1,0.8,1,0.9,0.9,4.7,4.8,5.1,4.9,6.8,8,7.7,7,7,6.9,4.7,3.4,2.1,1.5
E07000081,Gloucester,6.6,6.8,6.2,1.1,1.1,1.1,1.2,1.2,1.3,1.2,1.2,1.4,1.2,6.4,6.9,7,6.3,6.9,7.2,6.7,5.5,4.4,4.2,3,2.1,1.1,0.5,6.1,6.4,5.8,1.1,1,1.1,1.1,1.1,1.2,1.2,1.2,1.1,1.1,6.3,7.3,6.9,5.8,6.5,7.2,6.5,5.4,4.8,4.7,3.5,2.5,1.7,1.2
E07000082,Stroud,5,6.1,6.3,1.2,1.2,1.2,1.1,1,0.9,0.9,0.9,0.9,1.1,4.8,4.8,5.5,6,7.6,7.9,7.6,6.7,6.1,6,4.2,2.8,1.5,0.5,4.7,5.5,5.7,1.1,1.1,1.1,1.1,0.8,0.6,0.7,0.7,0.9,0.9,4.7,5.1,5.5,6,7.5,7.8,7.7,6.6,6.3,6.4,4.4,3.4,2.3,1.2
E07000083,Tewkesbury,6.3,6.6,6,1.1,1.1,1,1,0.9,0.8,0.8,0.9,0.8,1,5.4,5.8,6.3,6,6.7,7.6,7,6.1,5.8,5.9,4.1,2.9,1.4,0.7,5.5,5.9,5.2,1.1,1,0.9,0.9,0.7,0.7,0.7,0.8,0.9,1,5.5,6.3,6.4,5.8,6.6,7.3,7.1,6.3,6.1,5.9,4.5,3.3,2.1,1.5
E07000187,Mendip,5.3,5.9,6.4,1.4,1.3,1.3,1.2,1,0.9,0.9,0.9,1,1,5.1,4.8,5.2,5.2,6.7,7.8,7.7,6.6,6.4,6.3,4.2,2.9,1.6,0.8,4.9,5.5,5.6,1.1,1.1,1.1,1,0.8,0.6,0.7,0.9,0.9,0.9,4.4,5.5,5.4,5.5,7.1,8,7.4,6.7,6.4,6.4,4.6,3.3,2.2,1.7
E07000188,Sedgemoor,5.5,6.1,5.9,1.2,1.2,1.1,1.1,1,0.9,0.9,1.1,1,1,5.3,5.3,5.3,5,6.5,7.6,7.6,6.6,6.4,6.5,4.3,3,1.6,0.8,4.8,5.7,5.5,1,1.1,1,1.1,0.8,0.8,0.8,0.9,1,0.9,5.1,5.5,5.4,5.2,6.5,7.7,7.5,6.5,6.5,6.6,4.7,3.3,2.3,1.8
E07000246,Somerset West and Taunton,5.2,5.9,5.8,1.1,1.1,1.1,1,0.8,0.9,0.9,0.9,1.1,1,5.4,5.6,5.3,4.9,6.1,7.2,7.3,6.8,6.8,6.8,4.6,3.3,2,1,4.7,5.3,5.3,1,1,1,0.9,0.8,0.7,0.7,0.9,0.9,0.9,5.1,5.4,5.4,5.2,6.4,7.2,7.4,6.7,6.8,6.8,5,3.7,2.8,2.1
E07000189,South Somerset,5.2,5.9,6,1.1,1.1,1,1,0.9,0.8,1,1,1.1,0.9,5.3,5.7,5.1,5.2,6.2,7.2,7.3,6.7,6.8,6.8,4.8,3.2,1.7,0.8,4.9,5.6,5.5,1,1.1,1,1,0.8,0.6,0.7,0.8,0.8,1,4.8,5.4,5.2,5.2,6.4,7.3,7.4,6.7,6.9,7.1,5.1,3.6,2.5,1.8
